INCWAGE,AGE,cluster
137000,56,0
216000,61,0
50000,68,2
47000,41,1
90000,42,1
44200,42,1
25000,61,2
6400,48,2
7000,23,1
71000,58,2
48000,25,1
53000,62,2
42000,53,2
120000,24,1
40000,22,1
30000,25,1
7000,17,1
28000,48,2
150000,52,0
120000,76,2
50000,43,1
35000,54,2
125000,48,0
53000,66,2
47000,55,2
73000,41,1
43000,68,2
49100,33,1
10000,19,1
32000,46,2
6000,47,2
17000,27,1
40000,35,1
12000,60,2
76000,38,1
55000,38,1
72000,37,1
120000,68,2
130000,27,1
70000,47,2
95000,39,1
3000,70,2
80000,45,2
50000,51,2
112000,30,1
37000,42,1
10900,18,1
35000,44,1
38000,63,2
180000,45,0
90000,38,1
50000,47,2
5000,23,1
100000,52,2
56000,25,1
104000,58,2
240000,55,0
21700,50,2
15800,23,1
23000,58,2
86000,61,2
50000,28,1
40000,56,2
75000,59,2
63000,44,1
26000,36,1
11000,40,1
57000,50,2
48000,43,1
16000,19,1
18000,24,1
85000,34,1
60000,43,1
38000,38,1
50000,51,2
76000,41,1
30000,43,1
29100,45,2
60000,45,2
42000,55,2
30000,40,1
26500,40,1
34000,65,2
419000,40,3
152000,57,0
40000,47,2
7700,20,1
70000,76,2
20000,25,1
350,31,1
24000,25,1
36000,45,2
4500,27,1
65000,41,1
104000,55,2
150000,30,0
40000,34,1
6500,53,2
65000,37,1
42000,59,2
11200,75,2
22000,57,2
62000,54,2
80000,51,2
20000,36,1
64000,39,1
25000,71,2
36400,28,1
76000,34,1
61000,39,1
60000,57,2
32000,71,2
150000,58,0
52000,33,1
13400,32,1
2000,18,1
36000,46,2
200000,65,0
30000,44,1
14700,49,2
80000,45,2
28500,42,1
62000,61,2
12000,49,2
57000,63,2
75000,42,1
35000,64,2
50000,25,1
38000,60,2
3500,18,1
21300,54,2
105000,38,1
46000,36,1
2000,61,2
419000,57,3
28000,26,1
3900,35,1
72000,25,1
60000,44,1
30000,48,2
30000,56,2
45000,46,2
42000,41,1
20000,70,2
78000,24,1
42000,39,1
20200,69,2
85000,46,2
65000,60,2
70000,52,2
45000,34,1
34000,34,1
18000,21,1
40000,24,1
15600,67,2
50000,65,2
65000,25,1
55000,46,2
100000,50,2
20000,28,1
35000,61,2
85000,28,1
55000,50,2
419000,65,3
104000,61,2
30000,51,2
55000,31,1
150,17,1
23000,57,2
115000,42,0
169000,43,0
27000,29,1
40000,61,2
43300,23,1
150000,52,0
120000,47,0
419000,39,3
22000,31,1
220000,50,0
51000,43,1
42000,61,2
12000,73,2
50000,26,1
38000,41,1
20900,74,2
53000,49,2
40000,41,1
15000,20,1
15000,23,1
65000,25,1
88000,57,2
8000,20,1
10000,22,1
25000,26,1
98000,32,1
10000,59,2
31200,23,1
180000,46,0
40000,73,2
9300,20,1
70000,34,1
25000,22,1
41000,23,1
115000,52,0
7000,18,1
25000,20,1
75000,42,1
55000,35,1
50000,58,2
12000,52,2
12000,59,2
13000,25,1
5000,56,2
25000,23,1
65000,52,2
60000,50,2
83000,57,2
70000,58,2
85000,63,2
40000,62,2
40000,22,1
5000,21,1
110000,34,1
50000,27,1
24000,52,2
52000,62,2
135000,47,0
32600,49,2
41600,21,1
20000,30,1
419000,40,3
50000,46,2
52000,37,1
42000,21,1
40000,32,1
40000,54,2
45000,35,1
9200,55,2
22500,25,1
60000,25,1
21000,77,2
82000,59,2
50000,34,1
80000,33,1
68000,57,2
80000,35,1
40000,50,2
43900,35,1
150000,44,0
90000,45,0
623000,56,3
50000,62,2
100000,29,1
8000,28,1
65000,34,1
135000,61,0
24000,20,1
6000,51,2
20400,61,2
60000,31,1
45000,68,2
60000,41,1
18000,32,1
4000,50,2
85000,34,1
40000,61,2
60000,39,1
85000,48,2
115000,53,0
65000,77,2
103000,57,2
50000,30,1
50000,49,2
15000,23,1
22900,21,1
26700,20,1
65000,33,1
31300,19,1
49000,28,1
11900,23,1
46000,49,2
25000,35,1
30000,27,1
120000,36,0
160000,54,0
80000,47,2
37400,29,1
26000,25,1
38000,34,1
160000,52,0
75000,45,2
110000,28,1
150000,30,0
900,34,1
36200,39,1
130000,44,0
22000,31,1
120000,62,2
40000,59,2
99000,35,1
85000,29,1
72000,59,2
35200,31,1
32000,60,2
24000,25,1
40000,62,2
50000,63,2
165000,40,0
140000,51,0
60000,67,2
25000,59,2
32000,18,1
100000,57,2
50000,46,2
80000,42,1
77000,48,2
566000,50,3
55000,27,1
85000,55,2
55000,40,1
50000,49,2
22000,40,1
103000,45,0
46000,40,1
1500,19,1
3100,33,1
5000,20,1
110000,41,0
10100,16,1
55000,52,2
89000,61,2
115000,63,2
189000,62,0
40000,54,2
45000,40,1
33100,56,2
180000,48,0
12000,27,1
35000,42,1
45000,22,1
85000,46,2
38500,28,1
86000,44,0
25000,24,1
42000,27,1
50000,21,1
95000,40,1
20800,54,2
21000,23,1
25000,21,1
60000,25,1
38000,30,1
64000,51,2
90000,55,2
24000,29,1
30000,29,1
30000,40,1
40000,21,1
60000,53,2
150000,65,0
50000,56,2
62000,54,2
32000,26,1
34000,23,1
75000,28,1
55000,27,1
120000,57,2
60000,47,2
35400,37,1
36000,24,1
25000,39,1
70000,49,2
10000,73,2
40000,60,2
12900,19,1
94000,40,1
14000,54,2
31000,40,1
30000,68,2
17100,50,2
85000,49,2
42000,38,1
57000,45,2
2900,20,1
35000,33,1
80000,27,1
60000,29,1
40000,55,2
15000,49,2
81000,67,2
27000,36,1
130000,60,2
12000,33,1
566000,65,3
135000,55,0
12000,27,1
100000,48,0
58000,70,2
40000,45,2
58000,32,1
50000,44,1
75000,28,1
200000,30,0
130000,36,0
55000,42,1
76000,32,1
60000,48,2
84000,64,2
148000,40,0
60000,25,1
60000,64,2
24000,42,1
38000,57,2
14400,24,1
30000,32,1
50000,43,1
100000,40,1
15000,33,1
30000,48,2
8800,39,1
50000,49,2
10000,38,1
72000,34,1
10000,18,1
47200,56,2
78000,35,1
150000,30,0
10000,29,1
50000,44,1
566000,47,3
90000,38,1
105000,33,1
35000,57,2
25000,63,2
81000,30,1
26800,27,1
21400,63,2
65000,23,1
82000,66,2
90000,39,1
30200,34,1
30000,61,2
30000,53,2
40000,25,1
27000,57,2
65000,24,1
100000,30,1
2400,43,1
30700,25,1
36000,33,1
112000,42,0
30000,37,1
18700,23,1
120000,61,2
10000,18,1
38000,22,1
60000,36,1
65000,54,2
34400,46,2
50000,29,1
80000,39,1
6000,84,2
33000,67,2
13600,55,2
40000,32,1
115000,50,0
70000,37,1
60000,26,1
30100,48,2
20000,33,1
75000,27,1
90000,53,2
90000,63,2
10000,25,1
82000,56,2
200000,47,0
108000,67,2
6000,18,1
115000,48,0
250000,51,0
35000,40,1
30000,73,2
200000,49,0
120000,32,1
50000,27,1
177000,52,0
32000,61,2
29000,29,1
48000,54,2
37400,56,2
50000,48,2
5000,62,2
62000,44,1
99000,63,2
20000,56,2
50000,59,2
145000,51,0
73000,19,1
75000,28,1
170000,49,0
105000,30,1
60000,43,1
150000,37,0
25000,22,1
1200,70,2
80000,52,2
6000,40,1
39000,30,1
45000,29,1
1700,20,1
80000,66,2
200000,59,0
17000,23,1
3200,70,2
2000,18,1
23000,64,2
36000,20,1
132000,47,0
34600,33,1
95000,63,2
35000,20,1
150000,39,0
85000,34,1
32000,24,1
72000,23,1
20000,57,2
18000,55,2
20000,22,1
120000,34,1
12000,19,1
202000,68,0
87000,57,2
115000,36,1
80000,56,2
15000,73,2
125000,63,2
12800,21,1
34000,64,2
340000,61,0
90000,35,1
65000,52,2
48000,32,1
67000,30,1
30000,26,1
9000,22,1
1000,34,1
75000,59,2
40000,40,1
13000,18,1
101000,41,0
25000,69,2
170000,32,0
38000,43,1
12500,67,2
40000,22,1
75000,61,2
35500,40,1
41000,37,1
20900,29,1
36000,73,2
8000,19,1
70000,33,1
500,37,1
40000,56,2
80000,41,1
24000,45,2
65000,67,2
89000,53,2
50000,45,2
45000,61,2
52000,25,1
19000,27,1
15000,20,1
35000,20,1
60000,64,2
30000,38,1
100000,35,1
42000,30,1
60000,47,2
32000,18,1
77000,46,2
30000,26,1
6000,53,2
34000,63,2
225000,56,0
120000,51,0
70000,53,2
5700,66,2
130000,36,0
55000,60,2
112000,61,2
33000,20,1
87000,39,1
155000,45,0
28000,59,2
40000,24,1
150000,30,0
42000,46,2
23000,36,1
34900,45,2
50000,41,1
31300,19,1
33600,29,1
42000,67,2
11400,65,2
55000,26,1
8600,31,1
41000,63,2
31700,38,1
117000,40,0
32000,21,1
15000,64,2
13000,38,1
60000,62,2
56000,86,2
48000,30,1
26000,46,2
22400,24,1
59000,25,1
15000,51,2
84000,52,2
17000,23,1
210000,39,0
40000,52,2
140000,80,2
52000,55,2
51000,61,2
79000,58,2
60000,47,2
90000,61,2
20000,38,1
210000,44,0
45000,25,1
55000,35,1
42000,54,2
54000,28,1
45000,23,1
83000,64,2
39400,58,2
60000,59,2
60000,55,2
120000,37,0
30000,29,1
32000,25,1
55000,35,1
65000,54,2
9000,31,1
50000,34,1
10000,66,2
15000,65,2
38500,41,1
22000,34,1
19200,26,1
50000,32,1
78000,50,2
30000,22,1
68000,51,2
53000,27,1
24000,37,1
70000,32,1
159000,34,0
45000,33,1
50000,40,1
77000,30,1
170000,46,0
20100,18,1
51000,48,2
41000,28,1
6600,69,2
30000,36,1
3500,18,1
27000,40,1
48200,32,1
89000,65,2
457000,58,3
70000,49,2
100000,32,1
50000,57,2
30000,33,1
10000,24,1
100000,56,2
38000,44,1
26500,37,1
30000,38,1
24000,38,1
110000,38,1
457000,34,3
28800,40,1
40000,39,1
30000,54,2
28000,21,1
54000,23,1
108000,64,2
110000,60,2
28500,39,1
38100,46,2
42000,66,2
49000,26,1
65000,52,2
33000,42,1
21800,48,2
45000,60,2
57000,60,2
75000,61,2
90000,49,2
57000,44,1
50000,26,1
37000,42,1
20200,27,1
29000,23,1
8000,17,1
6200,71,2
52000,23,1
55000,55,2
50000,60,2
35000,36,1
87000,60,2
90000,62,2
50000,28,1
52000,41,1
6000,35,1
200,38,1
145000,36,0
70000,43,1
58000,64,2
38000,37,1
35000,35,1
80000,66,2
60000,56,2
60000,38,1
2000,42,1
19800,58,2
18000,44,1
12000,73,2
176000,57,0
18500,49,2
40000,62,2
88000,43,1
100000,43,0
120000,63,2
150,39,1
45000,47,2
73000,27,1
50000,29,1
46000,24,1
42000,63,2
120000,47,0
30000,23,1
76000,49,2
160000,52,0
32000,25,1
43700,27,1
25000,19,1
68000,34,1
16000,24,1
2500,16,1
140,62,2
35000,49,2
150000,38,0
100000,47,0
118000,45,0
50000,49,2
100000,58,2
145000,64,0
60000,45,2
31800,46,2
70000,25,1
30000,27,1
36000,59,2
50000,49,2
116000,33,1
300000,62,0
50000,23,1
93000,64,2
55000,43,1
28600,18,1
30000,25,1
80000,25,1
188000,35,0
21200,22,1
40000,50,2
90000,49,2
8000,19,1
75000,24,1
80000,42,1
35000,27,1
65000,26,1
15000,50,2
70000,26,1
2400,31,1
48000,33,1
65000,47,2
20000,20,1
69000,36,1
24000,30,1
130000,35,0
80000,42,1
80000,45,2
80000,55,2
175000,49,0
135000,39,0
200000,40,0
45000,53,2
100000,51,2
50000,24,1
60000,34,1
68000,44,1
300000,45,0
350000,41,0
33800,40,1
65000,35,1
217000,68,0
95000,64,2
130000,49,0
1100,24,1
48000,40,1
109000,61,2
20000,57,2
90000,28,1
62000,35,1
24000,27,1
125000,50,0
66000,33,1
220000,40,0
4000,37,1
40000,44,1
20000,50,2
30000,27,1
48600,45,2
77000,67,2
10000,49,2
20000,43,1
35000,26,1
170000,34,0
16000,45,2
3700,37,1
43300,39,1
42200,46,2
77000,43,1
265000,53,0
80000,61,2
220000,49,0
50000,49,2
1800,73,2
39500,51,2
28000,35,1
95000,39,1
12000,36,1
42000,54,2
46000,53,2
78000,56,2
4000,61,2
80000,27,1
52000,34,1
82000,63,2
156000,67,0
150000,51,0
75000,44,1
150000,56,0
7500,49,2
165000,60,0
80000,59,2
36000,37,1
51000,48,2
24000,26,1
38000,28,1
110000,44,0
410,65,2
300000,54,0
40000,39,1
14000,32,1
95000,48,2
90000,31,1
80000,58,2
42000,27,1
65000,45,2
25000,55,2
9000,68,2
40000,46,2
17000,33,1
100000,61,2
48000,81,2
80000,58,2
12500,23,1
72000,49,2
400000,43,3
16000,52,2
40000,57,2
100000,63,2
120000,62,2
5200,22,1
30000,22,1
88000,37,1
60000,50,2
100000,46,0
300000,53,0
8000,23,1
40300,35,1
80000,55,2
20000,64,2
24000,43,1
120000,65,2
82000,40,1
40000,36,1
90000,41,1
186000,41,0
54000,25,1
75000,28,1
98000,51,2
50000,50,2
90000,35,1
38000,49,2
20800,44,1
20000,54,2
55000,40,1
140000,62,0
16000,49,2
70000,53,2
25000,59,2
34900,54,2
10000,23,1
2400,38,1
130000,74,2
20000,25,1
200000,31,0
30000,34,1
82000,50,2
44000,51,2
33000,71,2
12000,33,1
40000,43,1
85000,62,2
120000,29,1
70000,25,1
70000,42,1
58000,33,1
28000,49,2
180000,60,0
55000,52,2
56000,36,1
130000,63,2
1300,65,2
28000,35,1
130000,68,2
109000,49,0
250000,48,0
130000,45,0
148000,44,0
200000,49,0
90000,64,2
27000,62,2
85000,43,1
86000,47,2
31500,40,1
75000,53,2
90000,33,1
250000,50,0
160000,45,0
145000,65,0
100000,29,1
10000,37,1
107000,30,1
29700,57,2
33600,44,1
26500,51,2
120000,49,0
65000,53,2
20000,27,1
150000,40,0
35000,22,1
130000,44,0
36500,46,2
200000,30,0
132000,44,0
135000,56,0
60000,25,1
125000,25,1
60000,37,1
320,36,1
60000,33,1
75000,45,2
225000,30,0
80000,72,2
130000,35,0
85000,26,1
10000,22,1
115000,36,1
1400,68,2
55000,38,1
100000,56,2
220000,53,0
185000,57,0
33000,24,1
2400,44,1
130000,45,0
60000,44,1
24000,63,2
174000,50,0
74000,32,1
60000,58,2
30000,50,2
128000,38,0
140000,29,1
28000,48,2
37400,48,2
52000,48,2
4000,25,1
150000,68,2
89000,59,2
90000,72,2
400000,62,3
23000,21,1
68000,31,1
100000,58,2
24000,45,2
7000,61,2
15000,29,1
35800,62,2
63000,65,2
6000,71,2
200000,49,0
95000,52,2
62000,63,2
325000,42,0
33000,58,2
100000,36,1
30000,30,1
146000,41,0
34000,43,1
50000,27,1
135000,41,0
12000,29,1
38000,25,1
70000,36,1
73000,32,1
65000,38,1
600,74,2
115000,24,1
678000,45,3
20000,63,2
79000,53,2
220000,66,0
64000,35,1
60000,24,1
140000,35,0
140000,55,0
80000,39,1
80000,26,1
130000,25,1
38000,31,1
70000,68,2
16800,32,1
52000,35,1
22000,48,2
103000,64,2
100000,54,2
45000,27,1
400000,44,3
70000,32,1
95000,52,2
900,24,1
74000,32,1
90000,38,1
220000,34,0
129000,45,0
80000,43,1
85000,43,1
45000,33,1
165000,51,0
21200,58,2
90000,59,2
100000,35,1
25000,25,1
46000,64,2
60000,53,2
87000,38,1
34300,26,1
80000,40,1
40000,55,2
45000,53,2
150000,62,0
10800,68,2
67000,67,2
17000,89,2
12300,39,1
23000,65,2
32000,34,1
60000,24,1
40000,65,2
145000,67,2
4000,29,1
35000,48,2
20000,40,1
72000,62,2
150000,51,0
36000,28,1
30000,66,2
46000,56,2
105000,35,1
60000,61,2
85000,66,2
120000,39,0
30000,20,1
11200,23,1
26000,32,1
7000,22,1
130000,35,0
55000,55,2
50000,66,2
16000,26,1
15000,63,2
40500,40,1
31100,43,1
160000,43,0
180000,37,0
20500,48,2
32000,38,1
22000,64,2
70000,43,1
1000,44,1
25000,39,1
40000,33,1
106000,53,2
40000,31,1
48000,27,1
45000,49,2
56000,35,1
140000,35,0
25000,58,2
60000,49,2
59000,29,1
38900,38,1
124000,65,2
300000,28,0
200000,31,0
4500,18,1
20000,29,1
32000,45,2
200000,38,0
900,33,1
13000,22,1
131000,46,0
50000,29,1
35000,24,1
50000,71,2
678000,34,3
62000,51,2
32000,46,2
30000,74,2
200000,63,0
200000,55,0
35000,57,2
96000,26,1
70000,61,2
53000,30,1
678000,41,3
96000,49,2
100000,38,1
110000,58,2
80000,35,1
11000,22,1
24000,30,1
5600,31,1
12000,46,2
80000,42,1
60000,35,1
49000,35,1
40000,39,1
38000,58,2
15000,70,2
85000,30,1
350000,64,0
74000,36,1
18200,59,2
120000,42,0
27700,40,1
60000,27,1
30000,40,1
7000,26,1
15000,60,2
15000,20,1
14000,50,2
60000,33,1
678000,38,3
70000,46,2
180000,67,0
70000,37,1
6400,24,1
98000,52,2
86000,52,2
350000,48,0
130000,43,0
30000,37,1
74000,34,1
87000,68,2
50000,44,1
76000,36,1
135000,30,1
36300,71,2
2200,42,1
24000,23,1
189000,46,0
18000,33,1
200000,39,0
38400,33,1
42000,46,2
95000,69,2
35000,40,1
150000,35,0
150000,31,0
14000,20,1
1200,18,1
18000,20,1
16000,52,2
3000,18,1
12000,36,1
60000,26,1
47800,36,1
60000,44,1
52000,29,1
20000,72,2
10000,21,1
148000,42,0
25000,27,1
38000,50,2
100000,48,0
130000,51,0
59000,29,1
41500,49,2
36000,29,1
113000,47,0
35000,26,1
43000,29,1
24000,24,1
33600,23,1
58000,29,1
95000,24,1
95000,45,0
40000,59,2
4000,45,2
50000,33,1
25000,34,1
38000,31,1
51000,23,1
250000,64,0
108000,37,1
1200,52,2
60000,38,1
60000,81,2
678000,50,3
95000,57,2
100000,42,0
41600,33,1
65000,54,2
120000,50,0
678000,52,3
270000,39,0
248000,56,0
57000,34,1
186000,40,0
40000,47,2
23000,40,1
90000,35,1
55000,69,2
120000,49,0
160000,49,0
52000,29,1
80000,34,1
10000,39,1
175000,39,0
84000,42,1
70000,31,1
14000,26,1
129000,61,2
404000,31,3
30000,48,2
55000,50,2
4200,56,2
120000,30,1
33400,35,1
120000,41,0
10500,35,1
77000,30,1
70000,40,1
24100,30,1
74000,27,1
48000,27,1
56000,48,2
70000,59,2
30000,34,1
250000,29,0
200000,33,0
63000,34,1
60000,53,2
21000,70,2
89000,44,0
60000,57,2
89000,41,1
60000,31,1
60000,51,2
20000,26,1
26000,49,2
84000,44,1
150000,45,0
50000,49,2
52000,66,2
372000,53,3
1000,59,2
65000,39,1
3000,17,1
60000,46,2
120000,52,0
190000,45,0
19200,53,2
43000,59,2
60000,27,1
250000,58,0
70000,30,1
89000,48,2
95000,64,2
10000,19,1
80,34,1
300000,46,0
38000,38,1
22000,34,1
5000,60,2
90000,50,2
21400,51,2
40000,67,2
59000,47,2
70000,40,1
150000,35,0
70000,61,2
230000,41,0
10000,51,2
50000,58,2
88000,33,1
14000,37,1
95000,39,1
160000,31,0
10000,50,2
96000,39,1
48000,43,1
30000,28,1
1000,28,1
100000,46,0
20600,20,1
30000,59,2
44700,55,2
75000,20,1
64000,49,2
29000,79,2
400000,39,3
160000,63,0
137000,53,0
100000,43,0
10500,18,1
253000,32,0
200000,33,0
130000,49,0
43300,64,2
36000,31,1
91000,59,2
8400,53,2
77000,37,1
61000,35,1
200000,41,0
50000,35,1
23000,29,1
110000,52,0
65000,27,1
12000,63,2
52000,57,2
60000,60,2
29000,20,1
175000,73,0
22900,61,2
278000,46,0
75000,31,1
100000,31,1
25600,47,2
90000,35,1
30000,38,1
76000,64,2
45000,40,1
6000,20,1
39000,65,2
165000,34,0
130000,40,0
85000,62,2
24000,25,1
100000,31,1
80000,38,1
82000,62,2
55000,53,2
35000,31,1
96000,37,1
55000,48,2
230000,61,0
54000,56,2
10000,63,2
220000,37,0
40000,38,1
38000,25,1
53000,34,1
75000,53,2
21600,47,2
35100,66,2
110000,44,0
13400,28,1
38000,44,1
30900,56,2
60000,47,2
40000,36,1
21000,30,1
37000,69,2
83000,52,2
45000,69,2
13000,18,1
180000,34,0
50000,52,2
100000,38,1
37400,35,1
100000,35,1
80000,30,1
165000,47,0
100000,53,2
180000,55,0
75000,57,2
102000,55,2
84000,39,1
18000,22,1
102000,25,1
8000,30,1
30000,23,1
12400,24,1
2500,20,1
20000,49,2
51000,60,2
200000,25,0
10000,45,2
105000,50,0
52000,21,1
3000,23,1
50000,27,1
28000,39,1
84000,56,2
93000,50,2
7200,48,2
60000,46,2
45000,34,1
678000,46,3
1100,40,1
210000,25,0
5000,30,1
80000,63,2
60000,40,1
36000,45,2
60000,52,2
30000,45,2
150000,40,0
40000,21,1
100000,31,1
62000,60,2
30000,53,2
7000,24,1
120000,53,0
87000,47,2
25000,75,2
135000,43,0
140000,44,0
27500,42,1
13000,16,1
47000,37,1
110000,44,0
75000,52,2
89000,52,2
34000,51,2
5000,26,1
17800,20,1
14400,38,1
100000,42,0
60000,67,2
100000,56,2
39000,28,1
90000,51,2
100000,60,2
15000,57,2
35000,29,1
24000,66,2
30000,40,1
115000,44,0
55000,27,1
99000,46,0
60000,26,1
220000,38,0
42000,54,2
45000,38,1
80000,45,2
678000,65,3
32200,49,2
8200,40,1
42000,66,2
129000,50,0
30000,40,1
35000,33,1
90000,32,1
100000,67,2
44000,20,1
64000,33,1
36000,44,1
20000,23,1
52000,58,2
180000,44,0
75000,38,1
70000,51,2
150000,46,0
70000,34,1
349000,59,0
20000,20,1
75000,43,1
36000,36,1
29500,65,2
35000,37,1
100000,33,1
220000,35,0
16000,25,1
35700,42,1
37400,29,1
125000,35,0
42000,57,2
40000,43,1
58000,59,2
36000,41,1
100000,39,1
36000,22,1
44000,82,2
150000,40,0
30000,20,1
69000,63,2
120000,50,0
5700,27,1
155000,53,0
33000,45,2
185000,31,0
50000,43,1
45000,35,1
22000,21,1
50000,28,1
150000,50,0
8000,56,2
31000,32,1
160000,62,0
40000,19,1
73000,25,1
150000,60,0
23800,50,2
12000,69,2
75000,52,2
50000,41,1
25500,33,1
16800,47,2
50000,22,1
41000,33,1
35100,23,1
18000,70,2
300000,51,0
340000,49,0
55000,27,1
56000,55,2
70000,45,2
66000,34,1
678000,60,3
70000,66,2
74000,30,1
25000,56,2
21100,64,2
30000,65,2
73000,33,1
50000,50,2
103000,43,0
50000,41,1
230000,33,0
16300,33,1
20000,23,1
50000,24,1
70000,36,1
25000,59,2
80000,27,1
125000,49,0
27000,71,2
24000,45,2
10000,32,1
54000,55,2
10000,37,1
88000,31,1
36000,49,2
2600,73,2
40000,22,1
110000,39,0
75000,35,1
50000,25,1
10000,51,2
30000,62,2
46000,57,2
48000,51,2
52000,23,1
48000,39,1
120000,42,0
152000,36,0
19500,62,2
50000,30,1
55000,32,1
50000,24,1
80000,72,2
110000,63,2
145000,64,0
56000,53,2
50000,43,1
80000,53,2
100000,41,0
40000,35,1
80000,61,2
30000,28,1
10000,53,2
60000,49,2
27000,54,2
14000,54,2
45000,62,2
124000,38,0
146000,27,1
200000,32,0
80000,35,1
15000,30,1
7200,57,2
50000,49,2
56000,22,1
30000,48,2
65000,37,1
45000,67,2
415000,36,3
25000,20,1
64000,41,1
68000,60,2
14000,56,2
12000,73,2
180000,35,0
50000,56,2
96000,32,1
41700,51,2
80000,66,2
219000,46,0
170000,54,0
100000,44,0
140000,35,0
20000,37,1
24000,33,1
80000,29,1
30000,48,2
1000,24,1
43800,59,2
85000,50,2
100000,40,1
70000,43,1
110000,47,0
65000,61,2
63000,74,2
15000,56,2
111000,65,2
16000,59,2
75000,24,1
75000,59,2
73000,24,1
138000,27,1
65000,58,2
160000,56,0
50000,61,2
70000,49,2
30600,26,1
128000,35,0
175000,57,0
34000,56,2
150000,55,0
8000,23,1
58000,34,1
290000,42,0
14000,40,1
34000,24,1
678000,52,3
17000,63,2
90000,42,1
49500,22,1
95000,47,0
28000,19,1
16800,57,2
40000,23,1
30000,26,1
88000,47,2
13000,39,1
59000,63,2
57000,59,2
52000,32,1
85000,47,2
125000,44,0
85000,44,1
85000,34,1
29000,58,2
90000,49,2
93000,43,0
130000,49,0
350000,63,0
24000,39,1
135000,62,2
38000,66,2
70000,41,1
42500,29,1
250000,54,0
90000,28,1
30000,30,1
165000,49,0
200000,35,0
52000,29,1
34000,24,1
160000,45,0
50000,30,1
75000,60,2
50000,54,2
155000,59,0
52000,29,1
27000,26,1
100000,25,1
8500,69,2
95000,30,1
10000,19,1
65000,25,1
80000,50,2
36000,34,1
29000,57,2
50000,55,2
15000,22,1
150000,38,0
90000,55,2
200000,40,0
9600,64,2
70000,41,1
39900,53,2
30000,22,1
40000,53,2
58000,60,2
12000,51,2
158000,55,0
71000,62,2
64000,46,2
18800,24,1
136000,60,0
48100,28,1
38500,52,2
115000,42,0
210000,60,0
68000,26,1
110000,40,0
6200,20,1
49000,46,2
360000,47,0
50000,24,1
300000,52,0
110000,45,0
48000,52,2
42000,44,1
1200,74,2
47000,59,2
10800,26,1
40000,23,1
30000,47,2
10000,25,1
141000,38,0
75000,40,1
45000,49,2
200000,37,0
30000,33,1
40000,30,1
45000,52,2
36800,35,1
50000,41,1
65000,51,2
180000,55,0
45000,42,1
78000,37,1
45000,25,1
80000,50,2
41500,32,1
8000,65,2
190000,57,0
32000,28,1
60000,44,1
50000,48,2
30000,43,1
94000,60,2
55000,30,1
46000,47,2
75000,64,2
140000,47,0
12000,39,1
25000,41,1
51000,32,1
20000,49,2
35000,34,1
115000,36,1
35000,27,1
70000,59,2
28100,35,1
1200,19,1
23700,24,1
5000,23,1
100000,54,2
50000,49,2
60000,38,1
250000,29,0
35000,20,1
27200,51,2
79000,60,2
21900,19,1
35000,43,1
62000,21,1
75000,61,2
100000,40,1
85000,53,2
12000,58,2
240000,37,0
2300,43,1
6300,17,1
150000,62,0
84000,39,1
189000,39,0
136000,60,0
30000,30,1
30000,25,1
52000,50,2
130000,26,1
275000,40,0
60000,36,1
678000,48,3
35400,60,2
100000,74,2
36000,27,1
24000,39,1
322000,67,0
28000,27,1
160000,35,0
44000,34,1
23400,26,1
130000,30,1
22000,67,2
32000,56,2
60000,24,1
144000,38,0
30000,60,2
100000,39,1
4000,74,2
600,19,1
150000,56,0
48000,42,1
78000,33,1
111000,49,0
56000,44,1
20000,32,1
40000,33,1
32600,57,2
20000,23,1
80000,63,2
10000,27,1
4200,34,1
300000,40,0
40000,70,2
100000,61,2
40000,66,2
190000,53,0
50000,40,1
15000,36,1
50000,43,1
61000,35,1
116000,42,0
40000,56,2
66000,42,1
100000,57,2
180000,31,0
28000,25,1
2500,61,2
6000,58,2
43000,51,2
9600,66,2
50000,43,1
80000,32,1
140,24,1
200000,27,0
120000,49,0
65000,44,1
40000,58,2
9000,58,2
85000,62,2
9700,20,1
85000,40,1
40000,29,1
75000,45,2
30000,52,2
105000,53,2
80000,56,2
60000,61,2
160000,57,0
150000,58,0
150000,58,0
89000,71,2
38400,57,2
40000,48,2
300000,69,0
35000,21,1
678000,34,3
50000,63,2
150000,46,0
30000,58,2
45000,31,1
10000,34,1
200000,45,0
145000,37,0
150000,63,0
6000,24,1
105000,46,0
12000,57,2
65000,54,2
34500,44,1
50000,57,2
105000,57,2
350000,45,0
130000,22,1
66000,45,2
120000,42,0
23000,61,2
86000,54,2
60000,56,2
25000,52,2
25000,20,1
28800,59,2
13200,47,2
15000,39,1
60000,36,1
30000,32,1
22000,54,2
25000,20,1
15000,20,1
45000,69,2
90000,44,0
107000,27,1
100000,64,2
30000,44,1
80000,33,1
29800,36,1
44200,27,1
35000,61,2
10000,25,1
50000,27,1
13000,24,1
42000,27,1
62000,43,1
103000,37,1
24000,24,1
20000,75,2
140000,70,2
66000,42,1
540,18,1
125000,33,1
17000,54,2
37000,28,1
86000,31,1
36000,61,2
63000,61,2
115000,44,0
85000,44,1
400000,55,3
10000,19,1
250000,42,0
49000,34,1
170000,51,0
4000,18,1
54000,59,2
165000,26,0
22000,49,2
43000,38,1
5200,35,1
30000,64,2
830,49,2
7000,51,2
65000,43,1
160000,48,0
678000,41,3
60000,29,1
20000,21,1
90000,52,2
40000,26,1
32000,42,1
350000,64,0
13000,24,1
140000,40,0
170000,56,0
22200,33,1
1000,16,1
28300,34,1
48000,48,2
2400,79,2
15000,22,1
14000,62,2
352000,33,0
82000,66,2
42000,33,1
60000,51,2
60000,28,1
18100,80,2
20500,56,2
100000,52,2
130000,53,0
24000,34,1
40000,31,1
240000,44,0
68000,26,1
40000,27,1
79000,37,1
66000,68,2
30000,19,1
380000,41,3
38000,27,1
80000,60,2
60000,31,1
26000,57,2
70000,81,2
10300,20,1
57000,33,1
300000,31,0
40000,24,1
33100,45,2
30000,78,2
120000,54,0
145000,29,1
40000,62,2
678000,38,3
50000,42,1
90000,26,1
44200,54,2
100000,32,1
63000,40,1
3000,18,1
130000,41,0
98000,56,2
11500,72,2
55000,27,1
40000,23,1
60000,36,1
20000,51,2
70000,30,1
27000,62,2
6000,18,1
65000,37,1
100000,48,0
80000,65,2
29000,40,1
16000,52,2
140000,29,1
50000,60,2
12000,60,2
101000,39,1
45000,51,2
160000,38,0
678000,30,3
179000,35,0
2300,48,2
8000,22,1
120000,63,2
15600,39,1
80000,56,2
78000,35,1
80000,45,2
175000,47,0
11000,19,1
6600,35,1
68000,52,2
29000,53,2
80000,37,1
36000,57,2
24000,39,1
85000,58,2
43000,65,2
65000,35,1
250000,36,0
122000,50,0
52000,30,1
89000,56,2
91000,36,1
60000,44,1
25000,40,1
40000,60,2
21000,75,2
50000,55,2
160000,49,0
60000,35,1
60000,29,1
41000,61,2
145000,46,0
350000,55,0
207000,35,0
10000,46,2
200000,55,0
23000,24,1
55000,31,1
30000,32,1
128000,40,0
23000,53,2
75000,43,1
200000,48,0
250000,54,0
250000,38,0
678000,60,3
130000,37,0
68000,42,1
85000,37,1
30000,21,1
68000,33,1
38000,38,1
107000,40,0
25000,36,1
114000,54,0
45000,25,1
180000,29,0
140000,33,0
110000,46,0
72000,43,1
106000,57,2
80000,60,2
60000,36,1
87000,32,1
40000,36,1
30700,50,2
95000,51,2
11000,65,2
33200,40,1
100000,54,2
38000,26,1
127000,51,0
100000,43,0
10000,37,1
12500,44,1
50000,59,2
114000,43,0
14300,29,1
34000,47,2
120000,50,0
120000,30,1
25000,54,2
20000,30,1
100000,33,1
175000,65,0
42700,34,1
134000,63,2
40000,36,1
29100,65,2
60000,37,1
30000,63,2
5000,23,1
120000,72,2
95000,31,1
58000,33,1
28000,68,2
200000,52,0
300000,57,0
280000,31,0
349000,64,0
30000,37,1
32000,55,2
55000,48,2
170000,55,0
32500,51,2
90000,32,1
201000,40,0
300000,47,0
90000,48,2
30000,34,1
34300,23,1
95000,48,2
135000,62,2
59000,54,2
47500,32,1
150000,26,1
45700,54,2
80000,39,1
110000,29,1
6400,58,2
74000,52,2
32000,52,2
72000,55,2
82000,23,1
72000,70,2
47000,31,1
120000,29,1
1800,35,1
70000,46,2
4700,20,1
400000,43,3
31000,24,1
100000,33,1
80000,63,2
34000,27,1
160000,42,0
7200,48,2
65000,64,2
110000,46,0
46000,24,1
62000,66,2
25000,26,1
36000,54,2
60000,53,2
20000,20,1
15000,21,1
58000,60,2
140000,62,0
75000,51,2
60000,33,1
112000,26,1
49000,68,2
2700,24,1
200000,35,0
100000,43,0
9600,19,1
34000,34,1
40000,35,1
85000,39,1
12200,58,2
125000,36,0
97000,40,1
16000,45,2
95000,31,1
2400,68,2
63000,27,1
25000,22,1
678000,43,3
70000,26,1
32000,30,1
120000,37,0
30000,52,2
73000,28,1
268000,57,0
23000,53,2
56000,50,2
70000,32,1
25000,62,2
96000,59,2
85000,26,1
40000,41,1
76000,47,2
110000,58,2
40000,63,2
25000,51,2
32000,50,2
94000,40,1
55000,55,2
35000,28,1
42200,26,1
45000,38,1
2100,19,1
250000,66,0
45000,34,1
15000,24,1
20000,24,1
25000,59,2
150000,66,0
70000,52,2
33100,45,2
28800,23,1
120000,61,2
65000,42,1
190000,36,0
64000,48,2
50000,29,1
130000,57,0
90000,31,1
20000,46,2
23500,45,2
90000,40,1
40000,56,2
20000,57,2
50000,24,1
60000,69,2
17200,31,1
350000,46,0
100000,38,1
50000,45,2
90000,34,1
6800,18,1
230000,57,0
8700,32,1
53000,50,2
60000,30,1
74000,59,2
30000,39,1
50000,62,2
87000,57,2
18000,48,2
10000,24,1
98000,32,1
678000,37,3
150000,34,0
10000,45,2
150000,61,0
80000,57,2
8000,76,2
180000,43,0
60000,57,2
12100,21,1
40000,63,2
40000,34,1
100000,55,2
16000,26,1
35000,49,2
72000,56,2
175000,64,0
678000,29,3
72000,49,2
35000,36,1
93000,27,1
40000,54,2
230000,53,0
30000,55,2
24000,21,1
120000,43,0
36000,32,1
120000,32,1
23000,53,2
24000,61,2
70000,46,2
100000,36,1
178000,44,0
5000,68,2
405000,54,3
98000,35,1
40000,24,1
350000,31,0
34000,69,2
64000,60,2
45000,37,1
114000,58,2
50000,57,2
45000,31,1
678000,45,3
34000,21,1
155000,33,0
24000,25,1
80000,34,1
90000,26,1
49000,27,1
170000,51,0
60000,45,2
5600,21,1
16000,22,1
16500,31,1
85000,44,1
44000,35,1
30000,26,1
48100,36,1
120000,46,0
95000,51,2
8900,49,2
98000,66,2
27000,28,1
13000,21,1
155000,70,2
94000,47,0
135000,48,0
275000,40,0
50000,28,1
20000,25,1
16000,20,1
25000,47,2
45000,27,1
55000,44,1
56000,37,1
90000,39,1
84000,53,2
60000,50,2
10000,32,1
70,17,1
678000,41,3
60000,38,1
39000,61,2
4000,22,1
50000,63,2
30000,50,2
80000,51,2
175000,67,0
30000,33,1
70000,51,2
109000,69,2
175000,66,0
100000,31,1
180000,44,0
140000,48,0
65000,51,2
100000,46,0
96000,51,2
120000,41,0
68000,59,2
1500,22,1
60000,37,1
76000,27,1
100000,37,1
40000,23,1
70000,43,1
53000,53,2
50000,28,1
18000,24,1
20000,67,2
220000,43,0
58000,25,1
1800,22,1
72000,36,1
49500,40,1
46000,30,1
18900,48,2
13900,30,1
125000,56,0
103000,53,2
48300,38,1
37300,48,2
86000,27,1
76000,33,1
29400,19,1
200000,48,0
90000,32,1
35000,33,1
4100,17,1
200000,39,0
4400,26,1
37200,39,1
52000,52,2
42000,40,1
120000,35,1
77000,51,2
25000,55,2
120000,48,0
60000,33,1
40000,29,1
200000,38,0
95000,57,2
85000,33,1
93000,72,2
7000,49,2
58000,20,1
130000,32,1
65000,29,1
12000,30,1
60000,26,1
110000,40,0
125000,36,0
13000,22,1
26400,54,2
30000,24,1
300,18,1
66000,31,1
12000,49,2
40000,57,2
77000,37,1
92000,44,0
146000,67,2
74000,47,2
18000,22,1
20000,41,1
110000,28,1
9600,37,1
15000,22,1
50000,25,1
80000,30,1
145000,53,0
90000,26,1
30000,33,1
57000,39,1
80000,32,1
153000,34,0
200000,47,0
81000,42,1
126000,38,0
200000,41,0
15200,27,1
55000,29,1
42000,31,1
30400,27,1
8000,49,2
150000,44,0
105000,51,0
200000,62,0
81000,42,1
20000,50,2
32000,45,2
147000,62,0
48700,55,2
120000,24,1
128000,59,0
2000,41,1
29000,43,1
89000,56,2
699000,58,3
100000,28,1
16000,65,2
60000,30,1
40000,53,2
90000,27,1
60000,71,2
24000,38,1
56000,56,2
45000,37,1
300,33,1
15000,19,1
62000,28,1
155000,69,2
60000,37,1
10000,21,1
5600,73,2
99000,55,2
60000,53,2
33000,56,2
28000,59,2
35600,65,2
180000,48,0
80000,52,2
900,31,1
50000,39,1
198000,46,0
37000,59,2
20000,20,1
100000,66,2
82000,28,1
30000,23,1
47000,30,1
110000,53,2
73000,31,1
36000,38,1
100000,27,1
90000,61,2
65000,29,1
22000,24,1
50000,60,2
42100,49,2
32000,31,1
50000,46,2
280000,66,0
180000,49,0
86000,60,2
120000,35,1
65000,25,1
80000,39,1
65000,76,2
275000,57,0
31000,27,1
75000,48,2
75000,65,2
107000,35,1
85000,31,1
20000,20,1
65000,30,1
307000,50,0
79000,43,1
72000,48,2
45200,55,2
30000,37,1
80000,39,1
56000,62,2
25000,59,2
58000,25,1
200000,64,0
30000,62,2
250000,58,0
98000,36,1
31000,23,1
55000,41,1
5000,17,1
120000,48,0
100000,44,0
165000,36,0
82000,58,2
13600,65,2
90000,31,1
50000,62,2
28100,67,2
37000,21,1
200000,41,0
65000,49,2
185000,53,0
57000,64,2
100000,38,1
25000,19,1
80000,25,1
100000,64,2
91000,37,1
30000,24,1
34000,35,1
699000,69,3
100000,39,1
55000,52,2
135000,30,1
40000,23,1
15000,59,2
45000,31,1
70000,54,2
250000,30,0
400000,45,3
18400,75,2
62000,31,1
130000,42,0
20000,25,1
54000,59,2
60000,45,2
60000,27,1
18000,34,1
120000,55,0
135000,58,0
125000,47,0
120000,49,0
8600,31,1
40000,27,1
98000,31,1
78000,24,1
6000,42,1
65000,25,1
5400,58,2
6000,68,2
61000,30,1
99000,39,1
114000,36,1
37300,57,2
93000,74,2
3600,18,1
27000,73,2
60000,50,2
57000,25,1
90000,52,2
54000,65,2
600,26,1
140000,42,0
100,16,1
200000,49,0
150000,39,0
265000,44,0
70000,60,2
150000,34,0
75000,46,2
65000,40,1
46000,42,1
70000,32,1
26000,40,1
26000,38,1
50000,39,1
60000,23,1
12000,20,1
83000,51,2
100000,40,1
38400,63,2
90000,58,2
699000,48,3
3000,36,1
75000,53,2
79000,86,2
98000,58,2
16900,18,1
150000,47,0
85000,30,1
90000,45,0
168000,57,0
32000,32,1
30000,50,2
68000,45,2
135000,62,2
82000,39,1
115000,55,2
2900,53,2
54000,30,1
99000,55,2
15000,51,2
1700,50,2
88000,50,2
255000,53,0
110000,40,0
35000,59,2
100000,62,2
30000,42,1
120000,57,2
165000,54,0
360,65,2
48000,52,2
75000,51,2
207000,53,0
76000,54,2
47000,31,1
75000,56,2
58000,27,1
15000,55,2
14000,21,1
140000,49,0
80000,43,1
16800,39,1
131000,66,2
35200,29,1
150000,55,0
150000,59,0
68000,36,1
30000,31,1
78000,63,2
37500,69,2
62000,47,2
65000,27,1
120000,72,2
36000,24,1
34000,33,1
60000,61,2
101000,62,2
35000,42,1
60000,42,1
32700,49,2
150000,52,0
3800,24,1
80000,54,2
25000,46,2
45000,31,1
100000,38,1
35000,41,1
79000,45,2
100000,30,1
60000,27,1
50000,36,1
60000,60,2
56000,70,2
50000,63,2
150000,60,0
63000,55,2
80000,36,1
64000,53,2
150000,68,2
20000,23,1
78000,40,1
40000,40,1
20000,36,1
65000,36,1
34000,59,2
30000,51,2
75000,41,1
165000,63,0
120000,46,0
110000,29,1
60000,65,2
90000,51,2
36000,65,2
4800,53,2
1800,62,2
33000,62,2
600,17,1
85000,32,1
45000,32,1
125000,66,2
131000,52,0
30000,40,1
110000,59,2
125000,65,2
70000,29,1
100000,50,2
150000,53,0
65000,28,1
2000,20,1
39200,64,2
70000,45,2
29800,64,2
26700,53,2
20000,59,2
32000,61,2
56000,32,1
175000,37,0
17000,70,2
80000,72,2
20000,46,2
22000,59,2
12400,52,2
10900,75,2
110000,32,1
21700,68,2
18000,21,1
6000,52,2
30000,70,2
85000,36,1
87000,51,2
225000,58,0
15700,24,1
170000,50,0
18000,59,2
250000,55,0
55000,59,2
68000,31,1
56000,25,1
95000,43,0
41000,58,2
82000,26,1
10000,66,2
52000,65,2
45000,50,2
81000,71,2
48000,27,1
35000,24,1
44500,38,1
71000,25,1
6000,19,1
24000,34,1
34000,29,1
52000,69,2
40000,34,1
39000,53,2
150000,60,0
175000,66,0
150000,60,0
42000,24,1
100000,31,1
90000,51,2
832000,50,3
125000,62,2
123000,29,1
24000,60,2
104000,36,1
75000,57,2
90000,28,1
124000,72,2
45000,70,2
75000,56,2
100000,44,0
60000,32,1
33000,31,1
130000,54,0
75000,29,1
105000,50,0
1000,69,2
100000,44,0
45000,37,1
68000,70,2
85000,36,1
40000,48,2
250000,55,0
102000,64,2
211000,56,0
190000,38,0
40000,39,1
20000,63,2
60000,60,2
20000,43,1
7400,24,1
40000,50,2
170000,46,0
110000,51,0
26000,61,2
19300,32,1
85000,53,2
160000,48,0
400000,59,3
73000,28,1
49200,38,1
60000,59,2
39700,66,2
62000,27,1
400000,62,3
120000,52,0
166000,36,0
70000,28,1
174000,33,0
150000,33,0
89000,34,1
25000,33,1
120000,49,0
175000,56,0
300000,61,0
7500,63,2
40000,64,2
125000,67,2
68000,64,2
62000,50,2
150000,61,0
15000,71,2
31600,28,1
90000,45,0
112000,34,1
6300,36,1
150000,40,0
33000,32,1
53000,43,1
38600,23,1
100000,34,1
63000,61,2
145000,60,0
118000,29,1
15000,25,1
35000,43,1
60000,42,1
43000,28,1
832000,62,3
20000,25,1
400000,54,3
73000,75,2
11000,39,1
100000,42,0
20000,67,2
50000,55,2
35000,61,2
72000,31,1
24000,22,1
140000,67,2
10000,36,1
50000,24,1
55000,33,1
42000,55,2
73000,52,2
75000,53,2
22000,22,1
79000,53,2
180000,49,0
30000,61,2
55000,28,1
100000,67,2
68000,47,2
102000,62,2
8300,51,2
20000,58,2
26000,17,1
6800,77,2
220000,48,0
95000,43,0
49000,33,1
85000,27,1
15000,34,1
45000,51,2
16800,73,2
32000,40,1
90000,47,2
13000,19,1
26000,33,1
70000,49,2
65000,27,1
120000,56,0
72000,27,1
46500,29,1
65000,60,2
120000,37,0
69000,34,1
55000,36,1
120000,47,0
53000,42,1
30000,31,1
30000,72,2
65000,64,2
5600,17,1
48000,55,2
71000,53,2
56000,70,2
10000,40,1
86000,47,2
66000,26,1
76000,38,1
3000,23,1
45000,71,2
50000,26,1
65000,28,1
36000,74,2
168000,56,0
185000,50,0
52000,44,1
247000,72,0
65000,57,2
35500,36,1
85000,24,1
39500,55,2
38000,34,1
55000,66,2
86000,39,1
10000,51,2
149000,45,0
169000,40,0
368000,58,3
150000,69,2
160000,35,0
150000,44,0
2200,23,1
180000,40,0
114000,26,1
480000,30,3
109000,49,0
98000,25,1
41000,70,2
50000,45,2
165000,40,0
130000,31,1
172000,47,0
80000,26,1
425000,41,3
61000,29,1
87000,40,1
182000,44,0
133000,41,0
363000,38,0
93000,51,2
64000,23,1
100000,32,1
192000,36,0
145000,38,0
60000,33,1
135000,29,1
150000,52,0
110000,61,2
27000,23,1
90000,33,1
4000,60,2
76000,52,2
63000,53,2
50000,24,1
35000,41,1
4000,20,1
70000,46,2
165000,70,0
85000,68,2
60000,59,2
1000,19,1
30000,43,1
45000,42,1
75000,66,2
150000,55,0
30000,28,1
35000,25,1
54000,36,1
21000,63,2
570000,46,3
35000,30,1
5400,18,1
115000,43,0
30000,22,1
75000,39,1
85000,58,2
30000,33,1
12000,57,2
570000,37,3
75000,31,1
25000,27,1
2500,70,2
10000,74,2
84000,67,2
5000,21,1
35000,54,2
4000,40,1
100000,57,2
120000,58,2
43000,33,1
200000,56,0
100000,49,0
30000,38,1
80000,39,1
33000,26,1
130000,55,0
32000,51,2
82000,66,2
62000,48,2
50000,44,1
570000,55,3
570000,69,3
60000,50,2
98000,46,0
44000,31,1
32000,25,1
50000,56,2
63000,55,2
33600,23,1
45000,50,2
1500,45,2
55000,61,2
60000,44,1
32500,69,2
19000,60,2
78000,63,2
80000,35,1
8000,19,1
50000,37,1
24100,74,2
70000,34,1
250000,58,0
23000,48,2
35000,20,1
30000,39,1
140000,58,0
20000,30,1
3800,16,1
960,17,1
40000,26,1
31100,67,2
34000,32,1
4000,54,2
28000,56,2
82000,55,2
84000,62,2
120000,31,1
60000,37,1
9000,25,1
110000,62,2
27000,72,2
25000,42,1
46000,38,1
33000,33,1
72000,45,2
210000,46,0
117000,66,2
34000,65,2
4500,18,1
68000,45,2
38000,24,1
40000,65,2
35400,32,1
60000,34,1
105000,32,1
30000,62,2
43000,27,1
15000,28,1
125000,57,0
150000,47,0
20000,27,1
34000,41,1
35000,21,1
24000,51,2
74000,45,2
72000,47,2
98000,51,2
24000,25,1
31000,33,1
97000,24,1
22000,50,2
265000,50,0
44000,23,1
200000,47,0
58000,62,2
50000,52,2
100000,54,2
72000,41,1
36000,34,1
35000,36,1
73000,46,2
12000,40,1
60000,51,2
54000,56,2
51000,64,2
37000,70,2
35000,53,2
36000,36,1
27900,68,2
76000,50,2
32000,24,1
45000,42,1
65000,43,1
45000,69,2
63000,45,2
85000,53,2
25000,41,1
60000,28,1
51000,65,2
30000,28,1
570000,55,3
124000,39,0
30000,52,2
66000,39,1
83000,46,2
135000,51,0
60000,27,1
11000,22,1
31000,22,1
45000,59,2
90000,59,2
90000,46,2
80000,54,2
50000,26,1
96000,57,2
37000,56,2
30000,20,1
110000,54,2
15000,60,2
22900,31,1
40000,59,2
45000,38,1
11000,22,1
570000,62,3
12300,39,1
35000,25,1
2900,39,1
41600,30,1
45000,18,1
6000,41,1
300000,24,0
74000,54,2
8000,59,2
50000,30,1
40000,57,2
79000,50,2
52000,51,2
79000,58,2
55000,25,1
52000,56,2
20000,22,1
35400,26,1
22000,72,2
45600,53,2
50000,47,2
41000,26,1
90000,43,0
25000,29,1
90000,40,1
90000,60,2
55000,50,2
60000,62,2
35000,61,2
24000,60,2
10000,55,2
44800,57,2
40000,22,1
5000,20,1
72000,33,1
2500,22,1
30000,58,2
12200,73,2
20000,18,1
115000,27,1
570000,61,3
44000,58,2
85000,28,1
75000,36,1
24000,23,1
68000,29,1
65000,37,1
120000,54,0
6000,20,1
13400,24,1
65000,47,2
60000,55,2
31300,77,2
15000,18,1
28000,26,1
120000,53,0
76000,49,2
60000,46,2
570000,52,3
71000,40,1
53000,67,2
10000,57,2
54000,52,2
60000,32,1
165000,39,0
7200,19,1
1000,32,1
104000,36,1
12000,59,2
29700,47,2
34000,36,1
45000,27,1
75000,30,1
4000,25,1
47000,37,1
70000,34,1
160000,51,0
600,19,1
80000,38,1
66000,42,1
2000,17,1
48100,53,2
52000,34,1
35000,38,1
65000,33,1
50000,59,2
24200,42,1
40000,52,2
13500,46,2
36000,37,1
200000,33,0
40000,29,1
22000,25,1
80000,68,2
40000,63,2
19400,66,2
90000,46,2
48000,29,1
75000,56,2
20000,42,1
35000,49,2
28000,58,2
45800,25,1
81000,61,2
26400,35,1
80000,30,1
85000,55,2
13000,66,2
60000,45,2
111000,64,2
52000,45,2
63000,26,1
100000,43,0
16000,66,2
19000,66,2
41000,34,1
90000,58,2
80000,47,2
77000,54,2
58000,67,2
230,35,1
72000,27,1
40000,41,1
88000,61,2
47700,47,2
52000,54,2
60000,41,1
100000,40,1
100000,77,2
149000,34,0
22000,54,2
156000,55,0
40700,78,2
34700,61,2
140000,54,0
80000,44,1
17000,18,1
48000,49,2
52000,57,2
22000,69,2
55000,33,1
60000,63,2
47000,31,1
40000,60,2
48000,61,2
160000,45,0
60000,68,2
70000,32,1
80000,51,2
82000,53,2
20000,52,2
100000,25,1
530,16,1
4500,19,1
45000,47,2
30000,58,2
18400,39,1
30000,30,1
180000,38,0
26000,56,2
104000,45,0
100000,54,2
32300,25,1
6000,34,1
47500,65,2
90000,38,1
55000,24,1
31600,36,1
40000,33,1
7000,67,2
5000,82,2
75000,55,2
125000,61,2
35000,52,2
150000,41,0
39000,34,1
30000,72,2
1300,25,1
60000,30,1
65000,69,2
43000,38,1
53000,66,2
155000,47,0
65000,41,1
95000,59,2
28000,48,2
11000,78,2
250000,57,0
60000,28,1
55000,56,2
57000,27,1
65000,58,2
44000,49,2
100000,44,0
17000,75,2
20000,33,1
120000,66,2
81000,34,1
570000,61,3
50000,65,2
60000,40,1
7400,19,1
30000,47,2
114000,67,2
50000,37,1
170000,44,0
32000,57,2
12000,79,2
3000,74,2
185000,44,0
22900,50,2
60000,64,2
15000,33,1
75000,55,2
101000,38,1
105000,43,0
8000,17,1
80000,35,1
10000,17,1
61000,38,1
60000,32,1
65000,59,2
30000,30,1
10000,29,1
40000,43,1
81000,51,2
35000,39,1
157000,84,2
50000,52,2
10400,16,1
47000,49,2
150000,50,0
50000,42,1
30000,24,1
45000,35,1
39500,41,1
60000,35,1
40000,32,1
10000,21,1
7800,61,2
50000,67,2
12000,24,1
38000,31,1
10000,75,2
38000,45,2
56000,21,1
75000,29,1
14300,26,1
20000,53,2
250000,65,0
25000,26,1
82000,27,1
120000,35,1
70000,47,2
11600,60,2
38000,61,2
55000,24,1
28000,29,1
173000,55,0
45000,50,2
20000,55,2
21000,51,2
70000,41,1
52000,51,2
50000,29,1
40000,24,1
40000,36,1
53000,65,2
95000,41,1
34000,73,2
25000,35,1
112000,50,0
112000,27,1
39500,26,1
81000,28,1
80000,27,1
28000,30,1
33400,21,1
67000,38,1
4000,17,1
90000,28,1
180,65,2
88000,53,2
60000,29,1
90000,57,2
35000,42,1
150000,58,0
60000,61,2
78000,58,2
70000,30,1
80000,29,1
50000,56,2
47000,66,2
49900,36,1
45600,49,2
10200,25,1
40000,62,2
112000,58,2
63000,46,2
90000,28,1
47000,42,1
88000,61,2
67000,26,1
43200,54,2
80000,39,1
25000,23,1
150000,60,0
62000,39,1
178000,36,0
45000,67,2
4000,17,1
40000,28,1
35000,38,1
26200,63,2
73000,41,1
20000,34,1
17000,22,1
4200,44,1
140000,54,0
90000,62,2
30000,46,2
570000,60,3
400,56,2
23000,51,2
90000,39,1
40000,23,1
75000,59,2
30000,27,1
85000,45,2
44700,61,2
40800,42,1
75000,34,1
130000,65,2
40000,65,2
92000,57,2
40000,30,1
70000,25,1
49000,43,1
18000,35,1
68000,52,2
400,20,1
67000,44,1
110000,44,0
20900,22,1
50000,28,1
175000,51,0
45700,63,2
30000,54,2
7500,65,2
44000,68,2
140000,42,0
15000,48,2
34000,64,2
70000,59,2
96000,55,2
7000,48,2
12000,18,1
80000,52,2
47000,61,2
80000,43,1
80000,51,2
30000,41,1
72000,52,2
570000,57,3
40000,73,2
130000,40,0
35000,30,1
80000,38,1
15000,45,2
62000,63,2
78000,39,1
34000,72,2
16200,37,1
1300,20,1
232000,47,0
32000,23,1
60000,35,1
21000,41,1
90000,27,1
90000,65,2
60000,42,1
38000,20,1
65000,67,2
22000,23,1
25000,44,1
35000,64,2
50000,36,1
25000,54,2
28900,53,2
30000,20,1
42000,59,2
161000,69,0
183000,69,0
165000,54,0
80000,52,2
138000,36,0
100000,33,1
12000,43,1
20000,46,2
37000,31,1
48000,36,1
49000,66,2
70000,56,2
53000,52,2
100000,55,2
10000,17,1
13000,35,1
38000,47,2
42700,55,2
15000,34,1
35000,28,1
3500,16,1
40000,30,1
60000,35,1
77000,53,2
56000,55,2
62000,43,1
570000,36,3
42000,63,2
20000,64,2
138000,46,0
98000,33,1
7600,35,1
15000,83,2
8800,47,2
18000,59,2
40000,64,2
295000,45,0
46000,48,2
75000,62,2
15000,38,1
2000,16,1
570000,54,3
62000,46,2
55000,41,1
48000,58,2
30000,50,2
225000,55,0
43000,51,2
1600,17,1
52000,33,1
107000,36,1
18600,69,2
40000,70,2
60000,28,1
5000,18,1
63000,28,1
200000,41,0
100000,34,1
24500,52,2
70000,39,1
37000,22,1
135000,52,0
52000,51,2
20000,57,2
2000,16,1
67000,38,1
84000,56,2
50000,29,1
56000,51,2
7500,62,2
30000,25,1
80000,66,2
200000,40,0
28000,31,1
48000,52,2
45000,36,1
32000,24,1
38000,38,1
2000,17,1
187000,50,0
45000,38,1
18000,70,2
110000,31,1
35000,60,2
1600,74,2
22000,22,1
100000,28,1
36000,58,2
35000,59,2
35000,51,2
62000,57,2
18000,25,1
55000,64,2
150000,40,0
75000,52,2
59000,37,1
55000,50,2
53000,53,2
65000,40,1
68000,31,1
120000,60,2
35000,54,2
49000,59,2
120000,39,0
42000,49,2
30000,23,1
5600,57,2
150000,52,0
10000,32,1
72000,24,1
35000,66,2
48000,26,1
38000,39,1
320000,60,0
33600,35,1
35000,54,2
42000,52,2
122000,60,2
80000,25,1
62000,41,1
130000,53,0
65000,54,2
30000,26,1
160000,36,0
250000,53,0
29400,19,1
43300,40,1
30000,27,1
91000,35,1
115000,31,1
150000,47,0
45000,45,2
210000,33,0
90000,41,1
83000,31,1
60000,49,2
23000,57,2
6200,18,1
330000,25,0
46000,57,2
73000,28,1
67000,46,2
50000,62,2
55000,54,2
39600,68,2
25000,37,1
4800,19,1
50000,72,2
41600,34,1
200000,48,0
28000,63,2
93000,30,1
32000,56,2
12000,52,2
12000,46,2
37000,62,2
8400,73,2
20000,71,2
100000,60,2
125000,50,0
170000,43,0
96000,49,2
87000,33,1
120000,50,0
52000,37,1
60000,58,2
115000,43,0
190000,41,0
43000,25,1
41600,26,1
40000,26,1
5000,44,1
44000,36,1
140000,42,0
38300,64,2
570000,57,3
41600,40,1
22000,44,1
140000,35,0
18000,64,2
100000,37,1
55000,60,2
17000,63,2
114000,35,1
18000,25,1
40000,26,1
50000,60,2
115000,41,0
42000,55,2
17000,21,1
55000,36,1
60000,44,1
45000,54,2
90000,58,2
30000,35,1
42000,52,2
43000,27,1
25000,39,1
25000,41,1
32000,36,1
52000,55,2
191000,45,0
45000,59,2
20000,21,1
125000,67,2
21600,41,1
120000,53,0
5400,88,2
26000,26,1
570000,76,3
110000,59,2
1800,63,2
16800,19,1
52000,47,2
3000,21,1
24000,49,2
9000,33,1
65000,47,2
89000,57,2
56000,64,2
52000,33,1
109000,53,2
15000,29,1
230000,47,0
120000,37,0
82000,55,2
360,22,1
20000,51,2
30000,30,1
4000,31,1
36000,57,2
80000,42,1
34000,75,2
54000,33,1
36000,48,2
150000,54,0
22300,65,2
25000,64,2
40000,51,2
45000,47,2
115000,45,0
147000,71,2
38100,67,2
40000,26,1
5000,70,2
59000,62,2
92000,40,1
36000,25,1
75000,50,2
140000,63,0
1800,40,1
13100,39,1
4,50,2
120000,31,1
200000,40,0
26000,20,1
28000,36,1
33000,66,2
25000,44,1
25000,37,1
53000,37,1
70000,62,2
7000,84,2
46000,51,2
90000,47,2
5000,22,1
85000,28,1
95000,28,1
22000,44,1
11500,24,1
170000,31,0
65000,45,2
105000,29,1
60000,35,1
40000,54,2
50000,39,1
100000,54,2
20000,40,1
36000,74,2
93000,57,2
60000,36,1
75000,26,1
26200,80,2
24000,60,2
20000,59,2
55000,29,1
99000,58,2
120000,53,0
125000,56,0
22000,57,2
6000,18,1
5000,32,1
7800,86,2
80000,27,1
40000,25,1
50000,58,2
110000,52,0
32000,23,1
44000,26,1
12000,33,1
48000,26,1
7000,37,1
80000,37,1
90000,59,2
73000,54,2
82000,38,1
100000,55,2
32000,57,2
85000,25,1
28000,53,2
56000,49,2
14600,55,2
68000,65,2
81000,50,2
33000,21,1
32000,52,2
138000,62,0
34600,53,2
70000,64,2
50000,43,1
19500,28,1
33600,56,2
27600,20,1
570000,53,3
115000,61,2
45000,39,1
45000,37,1
87000,60,2
40000,25,1
35000,40,1
3300,54,2
70000,61,2
55000,45,2
56000,28,1
24000,20,1
18000,30,1
570000,75,3
35000,70,2
58000,40,1
4600,20,1
26700,62,2
42000,66,2
30000,34,1
30000,78,2
12500,55,2
78000,46,2
55000,59,2
90000,34,1
140000,44,0
53000,31,1
5000,27,1
20000,25,1
55000,34,1
36100,65,2
8300,80,2
260000,53,0
1400,17,1
95000,59,2
218000,56,0
55000,51,2
130000,25,1
41600,22,1
46000,27,1
52000,53,2
150000,53,0
12000,44,1
64000,24,1
48000,27,1
75000,42,1
43000,47,2
3000,22,1
85000,59,2
95000,39,1
6000,57,2
65000,65,2
45000,61,2
53000,29,1
60000,54,2
594000,43,3
18000,38,1
16700,36,1
47000,34,1
18000,49,2
54000,46,2
220000,46,0
15600,64,2
5000,64,2
7600,24,1
70000,44,1
25000,31,1
12600,35,1
26000,31,1
35000,49,2
20000,40,1
120000,56,0
83000,57,2
85000,33,1
50000,28,1
14000,22,1
36000,41,1
20000,37,1
22400,60,2
12000,63,2
43000,65,2
52000,38,1
50000,54,2
28000,25,1
48000,48,2
149000,63,0
45000,41,1
43000,36,1
36400,28,1
240,24,1
10000,20,1
70000,56,2
105000,36,1
167000,49,0
31200,32,1
32000,29,1
52000,52,2
