STATE_CODE,cluster,career_stage,sex,weighted
AK,0,Early (<35),Female,190.0
AK,0,Early (<35),Male,1157.0
AK,0,Late (55+),Female,1616.0
AK,0,Late (55+),Male,6958.0
AK,0,Mid (35-54),Female,10429.0
AK,0,Mid (35-54),Male,22208.0
AK,1,Early (<35),Female,55974.0
AK,1,Early (<35),Male,70268.0
AK,1,Mid (35-54),Female,31151.0
AK,1,Mid (35-54),Male,31091.0
AK,2,Late (55+),Female,26520.0
AK,2,Late (55+),Male,26760.0
AK,2,Mid (35-54),Female,20788.0
AK,2,Mid (35-54),Male,21290.0
AK,3,Early (<35),Female,218.0
AK,3,Late (55+),Female,29.0
AK,3,Late (55+),Male,2290.0
AK,3,Mid (35-54),Female,243.0
AK,3,Mid (35-54),Male,1280.0
AL,0,Early (<35),Female,1397.0
AL,0,Early (<35),Male,6319.0
AL,0,Late (55+),Female,10885.0
AL,0,Late (55+),Male,33603.0
AL,0,Mid (35-54),Female,42055.0
AL,0,Mid (35-54),Male,103952.0
AL,1,Early (<35),Female,375498.0
AL,1,Early (<35),Male,400336.0
AL,1,Mid (35-54),Female,210519.0
AL,1,Mid (35-54),Male,191441.0
AL,2,Late (55+),Female,226935.0
AL,2,Late (55+),Male,231458.0
AL,2,Mid (35-54),Female,188031.0
AL,2,Mid (35-54),Male,162822.0
AL,3,Early (<35),Female,470.0
AL,3,Early (<35),Male,888.0
AL,3,Late (55+),Female,1791.0
AL,3,Late (55+),Male,9081.0
AL,3,Mid (35-54),Female,3553.0
AL,3,Mid (35-54),Male,14241.0
AR,0,Early (<35),Female,1324.0
AR,0,Early (<35),Male,4121.0
AR,0,Late (55+),Female,5984.0
AR,0,Late (55+),Male,10199.0
AR,0,Mid (35-54),Female,20724.0
AR,0,Mid (35-54),Male,49437.0
AR,1,Early (<35),Female,228830.0
AR,1,Early (<35),Male,251200.0
AR,1,Mid (35-54),Female,128732.0
AR,1,Mid (35-54),Male,124799.0
AR,2,Late (55+),Female,133000.0
AR,2,Late (55+),Male,129024.0
AR,2,Mid (35-54),Female,115460.0
AR,2,Mid (35-54),Male,106747.0
AR,3,Early (<35),Female,834.0
AR,3,Early (<35),Male,507.0
AR,3,Late (55+),Female,889.0
AR,3,Late (55+),Male,3928.0
AR,3,Mid (35-54),Female,1640.0
AR,3,Mid (35-54),Male,6836.0
AZ,0,Early (<35),Female,6760.0
AZ,0,Early (<35),Male,17873.0
AZ,0,Late (55+),Female,23744.0
AZ,0,Late (55+),Male,61481.0
AZ,0,Mid (35-54),Female,96355.0
AZ,0,Mid (35-54),Male,201112.0
AZ,1,Early (<35),Female,602113.0
AZ,1,Early (<35),Male,674899.0
AZ,1,Mid (35-54),Female,287994.0
AZ,1,Mid (35-54),Male,292441.0
AZ,2,Late (55+),Female,318831.0
AZ,2,Late (55+),Male,315694.0
AZ,2,Mid (35-54),Female,249473.0
AZ,2,Mid (35-54),Male,227263.0
AZ,3,Early (<35),Female,785.0
AZ,3,Early (<35),Male,2788.0
AZ,3,Late (55+),Female,1811.0
AZ,3,Late (55+),Male,10300.0
AZ,3,Mid (35-54),Female,3996.0
AZ,3,Mid (35-54),Male,17876.0
CA,0,Early (<35),Female,143174.0
CA,0,Early (<35),Male,232989.0
CA,0,Late (55+),Female,209137.0
CA,0,Late (55+),Male,389457.0
CA,0,Mid (35-54),Female,882623.0
CA,0,Mid (35-54),Male,1364992.0
CA,1,Early (<35),Female,2901088.0
CA,1,Early (<35),Male,3051586.0
CA,1,Mid (35-54),Female,1425375.0
CA,1,Mid (35-54),Male,1495791.0
CA,2,Late (55+),Female,1545607.0
CA,2,Late (55+),Male,1617440.0
CA,2,Mid (35-54),Female,1188819.0
CA,2,Mid (35-54),Male,1155831.0
CA,3,Early (<35),Female,10299.0
CA,3,Early (<35),Male,21542.0
CA,3,Late (55+),Female,19792.0
CA,3,Late (55+),Male,61585.0
CA,3,Mid (35-54),Female,49031.0
CA,3,Mid (35-54),Male,143744.0
CO,0,Early (<35),Female,14759.0
CO,0,Early (<35),Male,29212.0
CO,0,Late (55+),Female,25089.0
CO,0,Late (55+),Male,65314.0
CO,0,Mid (35-54),Female,131500.0
CO,0,Mid (35-54),Male,243193.0
CO,1,Early (<35),Female,517235.0
CO,1,Early (<35),Male,575174.0
CO,1,Mid (35-54),Female,248167.0
CO,1,Mid (35-54),Male,263433.0
CO,2,Late (55+),Female,249471.0
CO,2,Late (55+),Male,248799.0
CO,2,Mid (35-54),Female,203816.0
CO,2,Mid (35-54),Male,180035.0
CO,3,Early (<35),Female,847.0
CO,3,Early (<35),Male,2614.0
CO,3,Late (55+),Female,2446.0
CO,3,Late (55+),Male,9071.0
CO,3,Mid (35-54),Female,7299.0
CO,3,Mid (35-54),Male,19026.0
CT,0,Early (<35),Female,9124.0
CT,0,Early (<35),Male,12043.0
CT,0,Late (55+),Female,23275.0
CT,0,Late (55+),Male,52728.0
CT,0,Mid (35-54),Female,71192.0
CT,0,Mid (35-54),Male,117388.0
CT,1,Early (<35),Female,269903.0
CT,1,Early (<35),Male,283477.0
CT,1,Mid (35-54),Female,148982.0
CT,1,Mid (35-54),Male,129935.0
CT,2,Late (55+),Female,211835.0
CT,2,Late (55+),Male,182567.0
CT,2,Mid (35-54),Female,124966.0
CT,2,Mid (35-54),Male,101448.0
CT,3,Early (<35),Female,432.0
CT,3,Early (<35),Male,2171.0
CT,3,Late (55+),Female,3561.0
CT,3,Late (55+),Male,10369.0
CT,3,Mid (35-54),Female,5589.0
CT,3,Mid (35-54),Male,17490.0
DC,0,Early (<35),Female,8058.0
DC,0,Early (<35),Male,10541.0
DC,0,Late (55+),Female,6740.0
DC,0,Late (55+),Male,9140.0
DC,0,Mid (35-54),Female,35975.0
DC,0,Mid (35-54),Male,41961.0
DC,1,Early (<35),Female,77977.0
DC,1,Early (<35),Male,57516.0
DC,1,Mid (35-54),Female,27152.0
DC,1,Mid (35-54),Male,18115.0
DC,2,Late (55+),Female,19133.0
DC,2,Late (55+),Male,17602.0
DC,2,Mid (35-54),Female,13831.0
DC,2,Mid (35-54),Male,14877.0
DC,3,Early (<35),Female,916.0
DC,3,Early (<35),Male,929.0
DC,3,Late (55+),Female,921.0
DC,3,Late (55+),Male,2009.0
DC,3,Mid (35-54),Female,1825.0
DC,3,Mid (35-54),Male,4925.0
DE,0,Early (<35),Female,780.0
DE,0,Early (<35),Male,1811.0
DE,0,Late (55+),Female,3932.0
DE,0,Late (55+),Male,9207.0
DE,0,Mid (35-54),Female,18142.0
DE,0,Mid (35-54),Male,23724.0
DE,1,Early (<35),Female,79913.0
DE,1,Early (<35),Male,78666.0
DE,1,Mid (35-54),Female,48725.0
DE,1,Mid (35-54),Male,37248.0
DE,2,Late (55+),Female,59564.0
DE,2,Late (55+),Male,51944.0
DE,2,Mid (35-54),Female,36624.0
DE,2,Mid (35-54),Male,32108.0
DE,3,Early (<35),Female,451.0
DE,3,Late (55+),Female,555.0
DE,3,Late (55+),Male,1275.0
DE,3,Mid (35-54),Female,292.0
DE,3,Mid (35-54),Male,1025.0
FL,0,Early (<35),Female,24724.0
FL,0,Early (<35),Male,51525.0
FL,0,Late (55+),Female,71340.0
FL,0,Late (55+),Male,184290.0
FL,0,Mid (35-54),Female,283443.0
FL,0,Mid (35-54),Male,514625.0
FL,1,Early (<35),Female,1630784.0
FL,1,Early (<35),Male,1735432.0
FL,1,Mid (35-54),Female,970606.0
FL,1,Mid (35-54),Male,951956.0
FL,2,Late (55+),Female,1173296.0
FL,2,Late (55+),Male,1164315.0
FL,2,Mid (35-54),Female,881554.0
FL,2,Mid (35-54),Male,791743.0
FL,3,Early (<35),Female,2962.0
FL,3,Early (<35),Male,5334.0
FL,3,Late (55+),Female,8513.0
FL,3,Late (55+),Male,44511.0
FL,3,Mid (35-54),Female,14466.0
FL,3,Mid (35-54),Male,49565.0
GA,0,Early (<35),Female,14462.0
GA,0,Early (<35),Male,25977.0
GA,0,Late (55+),Female,38180.0
GA,0,Late (55+),Male,95164.0
GA,0,Mid (35-54),Female,174629.0
GA,0,Mid (35-54),Male,304536.0
GA,1,Early (<35),Female,898082.0
GA,1,Early (<35),Male,894897.0
GA,1,Mid (35-54),Female,489992.0
GA,1,Mid (35-54),Male,427155.0
GA,2,Late (55+),Female,507236.0
GA,2,Late (55+),Male,472609.0
GA,2,Mid (35-54),Female,439621.0
GA,2,Mid (35-54),Male,359024.0
GA,3,Early (<35),Female,1526.0
GA,3,Early (<35),Male,3662.0
GA,3,Late (55+),Female,5225.0
GA,3,Late (55+),Male,14311.0
GA,3,Mid (35-54),Female,6646.0
GA,3,Mid (35-54),Male,25256.0
HI,0,Early (<35),Female,1695.0
HI,0,Early (<35),Male,2404.0
HI,0,Late (55+),Female,4260.0
HI,0,Late (55+),Male,9399.0
HI,0,Mid (35-54),Female,20907.0
HI,0,Mid (35-54),Male,34923.0
HI,1,Early (<35),Female,95675.0
HI,1,Early (<35),Male,115424.0
HI,1,Mid (35-54),Female,63959.0
HI,1,Mid (35-54),Male,58983.0
HI,2,Late (55+),Female,85919.0
HI,2,Late (55+),Male,74658.0
HI,2,Mid (35-54),Female,54968.0
HI,2,Mid (35-54),Male,45443.0
HI,3,Early (<35),Female,281.0
HI,3,Early (<35),Male,173.0
HI,3,Late (55+),Female,658.0
HI,3,Late (55+),Male,2213.0
HI,3,Mid (35-54),Female,1954.0
HI,3,Mid (35-54),Male,3274.0
IA,0,Early (<35),Female,2706.0
IA,0,Early (<35),Male,4290.0
IA,0,Late (55+),Female,4758.0
IA,0,Late (55+),Male,12968.0
IA,0,Mid (35-54),Female,29482.0
IA,0,Mid (35-54),Male,66200.0
IA,1,Early (<35),Female,272845.0
IA,1,Early (<35),Male,292899.0
IA,1,Mid (35-54),Female,148264.0
IA,1,Mid (35-54),Male,145476.0
IA,2,Late (55+),Female,162274.0
IA,2,Late (55+),Male,170958.0
IA,2,Mid (35-54),Female,127760.0
IA,2,Mid (35-54),Male,110754.0
IA,3,Early (<35),Female,128.0
IA,3,Early (<35),Male,809.0
IA,3,Late (55+),Female,531.0
IA,3,Late (55+),Male,3183.0
IA,3,Mid (35-54),Female,2113.0
IA,3,Mid (35-54),Male,5134.0
ID,0,Early (<35),Female,1255.0
ID,0,Early (<35),Male,3645.0
ID,0,Late (55+),Female,3675.0
ID,0,Late (55+),Male,12316.0
ID,0,Mid (35-54),Female,20914.0
ID,0,Mid (35-54),Male,52895.0
ID,1,Early (<35),Female,152010.0
ID,1,Early (<35),Male,178738.0
ID,1,Mid (35-54),Female,82260.0
ID,1,Mid (35-54),Male,86361.0
ID,2,Late (55+),Female,85873.0
ID,2,Late (55+),Male,80609.0
ID,2,Mid (35-54),Female,66057.0
ID,2,Mid (35-54),Male,61006.0
ID,3,Early (<35),Female,47.0
ID,3,Early (<35),Male,923.0
ID,3,Late (55+),Female,219.0
ID,3,Late (55+),Male,3786.0
ID,3,Mid (35-54),Female,962.0
ID,3,Mid (35-54),Male,5750.0
IL,0,Early (<35),Female,25749.0
IL,0,Early (<35),Male,49496.0
IL,0,Late (55+),Female,53419.0
IL,0,Late (55+),Male,114717.0
IL,0,Mid (35-54),Female,234250.0
IL,0,Mid (35-54),Male,396534.0
IL,1,Early (<35),Female,1036632.0
IL,1,Early (<35),Male,1016340.0
IL,1,Mid (35-54),Female,522924.0
IL,1,Mid (35-54),Male,514992.0
IL,2,Late (55+),Female,614906.0
IL,2,Late (55+),Male,593617.0
IL,2,Mid (35-54),Female,465931.0
IL,2,Mid (35-54),Male,410552.0
IL,3,Early (<35),Female,1544.0
IL,3,Early (<35),Male,4668.0
IL,3,Late (55+),Female,4413.0
IL,3,Late (55+),Male,17303.0
IL,3,Mid (35-54),Female,12184.0
IL,3,Mid (35-54),Male,30602.0
IN,0,Early (<35),Female,5892.0
IN,0,Early (<35),Male,10480.0
IN,0,Late (55+),Female,13180.0
IN,0,Late (55+),Male,39923.0
IN,0,Mid (35-54),Female,67520.0
IN,0,Mid (35-54),Male,148763.0
IN,1,Early (<35),Female,558980.0
IN,1,Early (<35),Male,598620.0
IN,1,Mid (35-54),Female,301210.0
IN,1,Mid (35-54),Male,283390.0
IN,2,Late (55+),Female,333493.0
IN,2,Late (55+),Male,335066.0
IN,2,Mid (35-54),Female,269630.0
IN,2,Mid (35-54),Male,246279.0
IN,3,Early (<35),Female,849.0
IN,3,Early (<35),Male,1946.0
IN,3,Late (55+),Female,1880.0
IN,3,Late (55+),Male,9786.0
IN,3,Mid (35-54),Female,5173.0
IN,3,Mid (35-54),Male,14981.0
KS,0,Early (<35),Female,1810.0
KS,0,Early (<35),Male,4716.0
KS,0,Late (55+),Female,7630.0
KS,0,Late (55+),Male,16117.0
KS,0,Mid (35-54),Female,34586.0
KS,0,Mid (35-54),Male,75951.0
KS,1,Early (<35),Female,251653.0
KS,1,Early (<35),Male,273161.0
KS,1,Mid (35-54),Female,127677.0
KS,1,Mid (35-54),Male,121504.0
KS,2,Late (55+),Female,147868.0
KS,2,Late (55+),Male,143102.0
KS,2,Mid (35-54),Female,101397.0
KS,2,Mid (35-54),Male,101191.0
KS,3,Early (<35),Female,251.0
KS,3,Early (<35),Male,203.0
KS,3,Late (55+),Female,1410.0
KS,3,Late (55+),Male,4750.0
KS,3,Mid (35-54),Female,2350.0
KS,3,Mid (35-54),Male,7231.0
KY,0,Early (<35),Female,2810.0
KY,0,Early (<35),Male,5844.0
KY,0,Late (55+),Female,8261.0
KY,0,Late (55+),Male,19560.0
KY,0,Mid (35-54),Female,44624.0
KY,0,Mid (35-54),Male,82299.0
KY,1,Early (<35),Female,345408.0
KY,1,Early (<35),Male,375834.0
KY,1,Mid (35-54),Female,186162.0
KY,1,Mid (35-54),Male,190657.0
KY,2,Late (55+),Female,199140.0
KY,2,Late (55+),Male,203038.0
KY,2,Mid (35-54),Female,161140.0
KY,2,Mid (35-54),Male,153906.0
KY,3,Early (<35),Female,253.0
KY,3,Early (<35),Male,1368.0
KY,3,Late (55+),Female,1417.0
KY,3,Late (55+),Male,5646.0
KY,3,Mid (35-54),Female,3586.0
KY,3,Mid (35-54),Male,10338.0
LA,0,Early (<35),Female,1521.0
LA,0,Early (<35),Male,8216.0
LA,0,Late (55+),Female,9041.0
LA,0,Late (55+),Male,28907.0
LA,0,Mid (35-54),Female,34439.0
LA,0,Mid (35-54),Male,99993.0
LA,1,Early (<35),Female,335834.0
LA,1,Early (<35),Male,336218.0
LA,1,Mid (35-54),Female,202113.0
LA,1,Mid (35-54),Male,176836.0
LA,2,Late (55+),Female,203271.0
LA,2,Late (55+),Male,187952.0
LA,2,Mid (35-54),Female,166430.0
LA,2,Mid (35-54),Male,127769.0
LA,3,Early (<35),Female,413.0
LA,3,Early (<35),Male,2979.0
LA,3,Late (55+),Female,1356.0
LA,3,Late (55+),Male,6995.0
LA,3,Mid (35-54),Female,3618.0
LA,3,Mid (35-54),Male,8820.0
MA,0,Early (<35),Female,27525.0
MA,0,Early (<35),Male,39971.0
MA,0,Late (55+),Female,47738.0
MA,0,Late (55+),Male,106986.0
MA,0,Mid (35-54),Female,183439.0
MA,0,Mid (35-54),Male,285459.0
MA,1,Early (<35),Female,599217.0
MA,1,Early (<35),Male,575047.0
MA,1,Mid (35-54),Female,274055.0
MA,1,Mid (35-54),Male,253587.0
MA,2,Late (55+),Female,388408.0
MA,2,Late (55+),Male,336839.0
MA,2,Mid (35-54),Female,236136.0
MA,2,Mid (35-54),Male,177537.0
MA,3,Early (<35),Female,1015.0
MA,3,Early (<35),Male,2475.0
MA,3,Late (55+),Female,4061.0
MA,3,Late (55+),Male,17816.0
MA,3,Mid (35-54),Female,9042.0
MA,3,Mid (35-54),Male,26557.0
MD,0,Early (<35),Female,10553.0
MD,0,Early (<35),Male,19414.0
MD,0,Late (55+),Female,58291.0
MD,0,Late (55+),Male,98333.0
MD,0,Mid (35-54),Female,183984.0
MD,0,Mid (35-54),Male,252622.0
MD,1,Early (<35),Female,486842.0
MD,1,Early (<35),Male,472230.0
MD,1,Mid (35-54),Female,258230.0
MD,1,Mid (35-54),Male,235447.0
MD,2,Late (55+),Female,331469.0
MD,2,Late (55+),Male,290725.0
MD,2,Mid (35-54),Female,209995.0
MD,2,Mid (35-54),Male,178716.0
MD,3,Early (<35),Female,634.0
MD,3,Early (<35),Male,672.0
MD,3,Late (55+),Female,3512.0
MD,3,Late (55+),Male,12778.0
MD,3,Mid (35-54),Female,4004.0
MD,3,Mid (35-54),Male,11718.0
ME,0,Early (<35),Female,2407.0
ME,0,Early (<35),Male,3311.0
ME,0,Late (55+),Female,4656.0
ME,0,Late (55+),Male,9177.0
ME,0,Mid (35-54),Female,18112.0
ME,0,Mid (35-54),Male,31351.0
ME,1,Early (<35),Female,103811.0
ME,1,Early (<35),Male,100195.0
ME,1,Mid (35-54),Female,56481.0
ME,1,Mid (35-54),Male,53576.0
ME,2,Late (55+),Female,88053.0
ME,2,Late (55+),Male,78644.0
ME,2,Mid (35-54),Female,53700.0
ME,2,Mid (35-54),Male,42391.0
ME,3,Early (<35),Female,173.0
ME,3,Early (<35),Male,244.0
ME,3,Late (55+),Female,1383.0
ME,3,Late (55+),Male,2369.0
ME,3,Mid (35-54),Female,573.0
ME,3,Mid (35-54),Male,2632.0
MI,0,Early (<35),Female,7366.0
MI,0,Early (<35),Male,19608.0
MI,0,Late (55+),Female,24136.0
MI,0,Late (55+),Male,78264.0
MI,0,Mid (35-54),Female,114397.0
MI,0,Mid (35-54),Male,242729.0
MI,1,Early (<35),Female,798171.0
MI,1,Early (<35),Male,862090.0
MI,1,Mid (35-54),Female,393056.0
MI,1,Mid (35-54),Male,382004.0
MI,2,Late (55+),Female,481191.0
MI,2,Late (55+),Male,472158.0
MI,2,Mid (35-54),Female,366208.0
MI,2,Mid (35-54),Male,314203.0
MI,3,Early (<35),Female,1453.0
MI,3,Early (<35),Male,2910.0
MI,3,Late (55+),Female,3969.0
MI,3,Late (55+),Male,16120.0
MI,3,Mid (35-54),Female,8950.0
MI,3,Mid (35-54),Male,27335.0
MN,0,Early (<35),Female,8400.0
MN,0,Early (<35),Male,14070.0
MN,0,Late (55+),Female,15275.0
MN,0,Late (55+),Male,47924.0
MN,0,Mid (35-54),Female,105214.0
MN,0,Mid (35-54),Male,187261.0
MN,1,Early (<35),Female,492990.0
MN,1,Early (<35),Male,521586.0
MN,1,Mid (35-54),Female,263821.0
MN,1,Mid (35-54),Male,240464.0
MN,2,Late (55+),Female,300873.0
MN,2,Late (55+),Male,287494.0
MN,2,Mid (35-54),Female,211560.0
MN,2,Mid (35-54),Male,186264.0
MN,3,Early (<35),Female,840.0
MN,3,Early (<35),Male,285.0
MN,3,Late (55+),Female,2351.0
MN,3,Late (55+),Male,6062.0
MN,3,Mid (35-54),Female,4959.0
MN,3,Mid (35-54),Male,14392.0
MO,0,Early (<35),Female,4683.0
MO,0,Early (<35),Male,9688.0
MO,0,Late (55+),Female,14920.0
MO,0,Late (55+),Male,37301.0
MO,0,Mid (35-54),Female,69171.0
MO,0,Mid (35-54),Male,130121.0
MO,1,Early (<35),Female,516169.0
MO,1,Early (<35),Male,540072.0
MO,1,Mid (35-54),Female,274995.0
MO,1,Mid (35-54),Male,265880.0
MO,2,Late (55+),Female,303699.0
MO,2,Late (55+),Male,277540.0
MO,2,Mid (35-54),Female,226858.0
MO,2,Mid (35-54),Male,208447.0
MO,3,Early (<35),Female,734.0
MO,3,Early (<35),Male,1698.0
MO,3,Late (55+),Female,2372.0
MO,3,Late (55+),Male,10974.0
MO,3,Mid (35-54),Female,5786.0
MO,3,Mid (35-54),Male,16101.0
MS,0,Early (<35),Female,691.0
MS,0,Early (<35),Male,2776.0
MS,0,Late (55+),Female,2549.0
MS,0,Late (55+),Male,10470.0
MS,0,Mid (35-54),Female,23319.0
MS,0,Mid (35-54),Male,43802.0
MS,1,Early (<35),Female,216892.0
MS,1,Early (<35),Male,214727.0
MS,1,Mid (35-54),Female,125179.0
MS,1,Mid (35-54),Male,108615.0
MS,2,Late (55+),Female,134116.0
MS,2,Late (55+),Male,128889.0
MS,2,Mid (35-54),Female,121057.0
MS,2,Mid (35-54),Male,98760.0
MS,3,Early (<35),Female,176.0
MS,3,Early (<35),Male,1079.0
MS,3,Late (55+),Female,980.0
MS,3,Late (55+),Male,5382.0
MS,3,Mid (35-54),Female,1095.0
MS,3,Mid (35-54),Male,6538.0
MT,0,Early (<35),Female,635.0
MT,0,Early (<35),Male,1467.0
MT,0,Late (55+),Female,1692.0
MT,0,Late (55+),Male,5287.0
MT,0,Mid (35-54),Female,8745.0
MT,0,Mid (35-54),Male,23626.0
MT,1,Early (<35),Female,93819.0
MT,1,Early (<35),Male,100311.0
MT,1,Mid (35-54),Female,48286.0
MT,1,Mid (35-54),Male,46266.0
MT,2,Late (55+),Female,53329.0
MT,2,Late (55+),Male,56179.0
MT,2,Mid (35-54),Female,45379.0
MT,2,Mid (35-54),Male,41202.0
MT,3,Early (<35),Female,64.0
MT,3,Early (<35),Male,685.0
MT,3,Late (55+),Female,903.0
MT,3,Late (55+),Male,859.0
MT,3,Mid (35-54),Female,1183.0
MT,3,Mid (35-54),Male,2210.0
NC,0,Early (<35),Female,15657.0
NC,0,Early (<35),Male,26636.0
NC,0,Late (55+),Female,33444.0
NC,0,Late (55+),Male,84626.0
NC,0,Mid (35-54),Female,156417.0
NC,0,Mid (35-54),Male,277990.0
NC,1,Early (<35),Female,861371.0
NC,1,Early (<35),Male,916367.0
NC,1,Mid (35-54),Female,456001.0
NC,1,Mid (35-54),Male,423617.0
NC,2,Late (55+),Female,525699.0
NC,2,Late (55+),Male,503728.0
NC,2,Mid (35-54),Female,422656.0
NC,2,Mid (35-54),Male,362990.0
NC,3,Early (<35),Female,1310.0
NC,3,Early (<35),Male,3170.0
NC,3,Late (55+),Female,3435.0
NC,3,Late (55+),Male,16829.0
NC,3,Mid (35-54),Female,7957.0
NC,3,Mid (35-54),Male,25311.0
ND,0,Early (<35),Male,1533.0
ND,0,Late (55+),Female,911.0
ND,0,Late (55+),Male,3061.0
ND,0,Mid (35-54),Female,10909.0
ND,0,Mid (35-54),Male,19299.0
ND,1,Early (<35),Female,70781.0
ND,1,Early (<35),Male,82646.0
ND,1,Mid (35-54),Female,34194.0
ND,1,Mid (35-54),Male,35329.0
ND,2,Late (55+),Female,38441.0
ND,2,Late (55+),Male,34276.0
ND,2,Mid (35-54),Female,24948.0
ND,2,Mid (35-54),Male,25114.0
ND,3,Early (<35),Female,59.0
ND,3,Early (<35),Male,213.0
ND,3,Late (55+),Female,234.0
ND,3,Late (55+),Male,938.0
ND,3,Mid (35-54),Female,863.0
ND,3,Mid (35-54),Male,2120.0
NE,0,Early (<35),Female,1161.0
NE,0,Early (<35),Male,2902.0
NE,0,Late (55+),Female,3324.0
NE,0,Late (55+),Male,9117.0
NE,0,Mid (35-54),Female,21567.0
NE,0,Mid (35-54),Male,47769.0
NE,1,Early (<35),Female,167144.0
NE,1,Early (<35),Male,193473.0
NE,1,Mid (35-54),Female,83286.0
NE,1,Mid (35-54),Male,90677.0
NE,2,Late (55+),Female,95790.0
NE,2,Late (55+),Male,104572.0
NE,2,Mid (35-54),Female,72712.0
NE,2,Mid (35-54),Male,63056.0
NE,3,Early (<35),Female,71.0
NE,3,Early (<35),Male,287.0
NE,3,Late (55+),Female,402.0
NE,3,Late (55+),Male,1987.0
NE,3,Mid (35-54),Female,1510.0
NE,3,Mid (35-54),Male,6304.0
NH,0,Early (<35),Female,2292.0
NH,0,Early (<35),Male,4802.0
NH,0,Late (55+),Female,7827.0
NH,0,Late (55+),Male,21457.0
NH,0,Mid (35-54),Female,25178.0
NH,0,Mid (35-54),Male,45651.0
NH,1,Early (<35),Female,110568.0
NH,1,Early (<35),Male,117751.0
NH,1,Mid (35-54),Female,58009.0
NH,1,Mid (35-54),Male,52241.0
NH,2,Late (55+),Female,88297.0
NH,2,Late (55+),Male,83219.0
NH,2,Mid (35-54),Female,50422.0
NH,2,Mid (35-54),Male,42551.0
NH,3,Early (<35),Male,698.0
NH,3,Late (55+),Female,651.0
NH,3,Late (55+),Male,2576.0
NH,3,Mid (35-54),Female,978.0
NH,3,Mid (35-54),Male,2633.0
NJ,0,Early (<35),Female,28425.0
NJ,0,Early (<35),Male,47843.0
NJ,0,Late (55+),Female,53753.0
NJ,0,Late (55+),Male,130708.0
NJ,0,Mid (35-54),Female,226665.0
NJ,0,Mid (35-54),Male,371514.0
NJ,1,Early (<35),Female,698526.0
NJ,1,Early (<35),Male,686527.0
NJ,1,Mid (35-54),Female,362510.0
NJ,1,Mid (35-54),Male,342972.0
NJ,2,Late (55+),Female,516141.0
NJ,2,Late (55+),Male,476360.0
NJ,2,Mid (35-54),Female,328667.0
NJ,2,Mid (35-54),Male,277507.0
NJ,3,Early (<35),Female,1291.0
NJ,3,Early (<35),Male,2954.0
NJ,3,Late (55+),Female,3369.0
NJ,3,Late (55+),Male,22264.0
NJ,3,Mid (35-54),Female,8981.0
NJ,3,Mid (35-54),Male,34462.0
NM,0,Early (<35),Female,854.0
NM,0,Early (<35),Male,4090.0
NM,0,Late (55+),Female,4171.0
NM,0,Late (55+),Male,11362.0
NM,0,Mid (35-54),Female,21982.0
NM,0,Mid (35-54),Male,43945.0
NM,1,Early (<35),Female,154274.0
NM,1,Early (<35),Male,169649.0
NM,1,Mid (35-54),Female,87641.0
NM,1,Mid (35-54),Male,91356.0
NM,2,Late (55+),Female,93957.0
NM,2,Late (55+),Male,84682.0
NM,2,Mid (35-54),Female,66269.0
NM,2,Mid (35-54),Male,59474.0
NM,3,Early (<35),Female,848.0
NM,3,Early (<35),Male,163.0
NM,3,Late (55+),Female,584.0
NM,3,Late (55+),Male,4417.0
NM,3,Mid (35-54),Female,856.0
NM,3,Mid (35-54),Male,4695.0
NV,0,Early (<35),Female,2446.0
NV,0,Early (<35),Male,5686.0
NV,0,Late (55+),Female,7933.0
NV,0,Late (55+),Male,20598.0
NV,0,Mid (35-54),Female,41809.0
NV,0,Mid (35-54),Male,79816.0
NV,1,Early (<35),Female,262329.0
NV,1,Early (<35),Male,266939.0
NV,1,Mid (35-54),Female,142375.0
NV,1,Mid (35-54),Male,143888.0
NV,2,Late (55+),Female,144002.0
NV,2,Late (55+),Male,151180.0
NV,2,Mid (35-54),Female,118651.0
NV,2,Mid (35-54),Male,114808.0
NV,3,Early (<35),Female,125.0
NV,3,Early (<35),Male,435.0
NV,3,Late (55+),Female,1132.0
NV,3,Late (55+),Male,3978.0
NV,3,Mid (35-54),Female,2110.0
NV,3,Mid (35-54),Male,8312.0
NY,0,Early (<35),Female,75012.0
NY,0,Early (<35),Male,113875.0
NY,0,Late (55+),Female,100371.0
NY,0,Late (55+),Male,186351.0
NY,0,Mid (35-54),Female,412155.0
NY,0,Mid (35-54),Male,553445.0
NY,1,Early (<35),Female,1494965.0
NY,1,Early (<35),Male,1421298.0
NY,1,Mid (35-54),Female,735188.0
NY,1,Mid (35-54),Male,719961.0
NY,2,Late (55+),Female,995870.0
NY,2,Late (55+),Male,911430.0
NY,2,Mid (35-54),Female,652047.0
NY,2,Mid (35-54),Male,595417.0
NY,3,Early (<35),Female,5986.0
NY,3,Early (<35),Male,15718.0
NY,3,Late (55+),Female,10053.0
NY,3,Late (55+),Male,38523.0
NY,3,Mid (35-54),Female,35554.0
NY,3,Mid (35-54),Male,77055.0
OH,0,Early (<35),Female,8462.0
OH,0,Early (<35),Male,24153.0
OH,0,Late (55+),Female,29911.0
OH,0,Late (55+),Male,74423.0
OH,0,Mid (35-54),Female,139404.0
OH,0,Mid (35-54),Male,269101.0
OH,1,Early (<35),Female,966362.0
OH,1,Early (<35),Male,999406.0
OH,1,Mid (35-54),Female,499918.0
OH,1,Mid (35-54),Male,483129.0
OH,2,Late (55+),Female,606836.0
OH,2,Late (55+),Male,585193.0
OH,2,Mid (35-54),Female,450224.0
OH,2,Mid (35-54),Male,394097.0
OH,3,Early (<35),Female,982.0
OH,3,Early (<35),Male,2681.0
OH,3,Late (55+),Female,3068.0
OH,3,Late (55+),Male,17835.0
OH,3,Mid (35-54),Female,8094.0
OH,3,Mid (35-54),Male,32266.0
OK,0,Early (<35),Female,2129.0
OK,0,Early (<35),Male,4868.0
OK,0,Late (55+),Female,6405.0
OK,0,Late (55+),Male,18705.0
OK,0,Mid (35-54),Female,31073.0
OK,0,Mid (35-54),Male,77830.0
OK,1,Early (<35),Female,303743.0
OK,1,Early (<35),Male,347638.0
OK,1,Mid (35-54),Female,176513.0
OK,1,Mid (35-54),Male,170055.0
OK,2,Late (55+),Female,176704.0
OK,2,Late (55+),Male,173281.0
OK,2,Mid (35-54),Female,138810.0
OK,2,Mid (35-54),Male,133115.0
OK,3,Early (<35),Female,964.0
OK,3,Early (<35),Male,1258.0
OK,3,Late (55+),Female,1954.0
OK,3,Late (55+),Male,3747.0
OK,3,Mid (35-54),Female,2608.0
OK,3,Mid (35-54),Male,10004.0
OR,0,Early (<35),Female,7327.0
OR,0,Early (<35),Male,11357.0
OR,0,Late (55+),Female,12839.0
OR,0,Late (55+),Male,31718.0
OR,0,Mid (35-54),Female,78056.0
OR,0,Mid (35-54),Male,129426.0
OR,1,Early (<35),Female,335101.0
OR,1,Early (<35),Male,356634.0
OR,1,Mid (35-54),Female,181801.0
OR,1,Mid (35-54),Male,172487.0
OR,2,Late (55+),Female,181092.0
OR,2,Late (55+),Male,178168.0
OR,2,Mid (35-54),Female,156865.0
OR,2,Mid (35-54),Male,135655.0
OR,3,Early (<35),Female,462.0
OR,3,Early (<35),Male,300.0
OR,3,Late (55+),Female,1761.0
OR,3,Late (55+),Male,4248.0
OR,3,Mid (35-54),Female,3256.0
OR,3,Mid (35-54),Male,9219.0
PA,0,Early (<35),Female,17800.0
PA,0,Early (<35),Male,30581.0
PA,0,Late (55+),Female,51143.0
PA,0,Late (55+),Male,111401.0
PA,0,Mid (35-54),Female,187214.0
PA,0,Mid (35-54),Male,346677.0
PA,1,Early (<35),Female,987812.0
PA,1,Early (<35),Male,1027579.0
PA,1,Mid (35-54),Female,537345.0
PA,1,Mid (35-54),Male,513234.0
PA,2,Late (55+),Female,694195.0
PA,2,Late (55+),Male,657020.0
PA,2,Mid (35-54),Female,481853.0
PA,2,Mid (35-54),Male,403170.0
PA,3,Early (<35),Female,346.0
PA,3,Early (<35),Male,2543.0
PA,3,Late (55+),Female,4543.0
PA,3,Late (55+),Male,21158.0
PA,3,Mid (35-54),Female,9843.0
PA,3,Mid (35-54),Male,28892.0
RI,0,Early (<35),Female,612.0
RI,0,Early (<35),Male,3008.0
RI,0,Late (55+),Female,5601.0
RI,0,Late (55+),Male,12069.0
RI,0,Mid (35-54),Female,15660.0
RI,0,Mid (35-54),Male,32022.0
RI,1,Early (<35),Female,86900.0
RI,1,Early (<35),Male,91044.0
RI,1,Mid (35-54),Female,46686.0
RI,1,Mid (35-54),Male,42713.0
RI,2,Late (55+),Female,56253.0
RI,2,Late (55+),Male,63099.0
RI,2,Mid (35-54),Female,42617.0
RI,2,Mid (35-54),Male,33925.0
RI,3,Early (<35),Female,37.0
RI,3,Early (<35),Male,878.0
RI,3,Late (55+),Female,496.0
RI,3,Late (55+),Male,1849.0
RI,3,Mid (35-54),Female,611.0
RI,3,Mid (35-54),Male,2118.0
SC,0,Early (<35),Female,3544.0
SC,0,Early (<35),Male,7834.0
SC,0,Late (55+),Female,14068.0
SC,0,Late (55+),Male,39323.0
SC,0,Mid (35-54),Female,53364.0
SC,0,Mid (35-54),Male,123720.0
SC,1,Early (<35),Female,404845.0
SC,1,Early (<35),Male,433105.0
SC,1,Mid (35-54),Female,233529.0
SC,1,Mid (35-54),Male,209981.0
SC,2,Late (55+),Female,264102.0
SC,2,Late (55+),Male,250930.0
SC,2,Mid (35-54),Female,220461.0
SC,2,Mid (35-54),Male,172612.0
SC,3,Early (<35),Female,1199.0
SC,3,Early (<35),Male,1848.0
SC,3,Late (55+),Female,1913.0
SC,3,Late (55+),Male,6884.0
SC,3,Mid (35-54),Female,2720.0
SC,3,Mid (35-54),Male,11491.0
SD,0,Early (<35),Female,89.0
SD,0,Early (<35),Male,715.0
SD,0,Late (55+),Female,1916.0
SD,0,Late (55+),Male,2372.0
SD,0,Mid (35-54),Female,5022.0
SD,0,Mid (35-54),Male,16353.0
SD,1,Early (<35),Female,73944.0
SD,1,Early (<35),Male,87804.0
SD,1,Mid (35-54),Female,44280.0
SD,1,Mid (35-54),Male,36918.0
SD,2,Late (55+),Female,47089.0
SD,2,Late (55+),Male,50978.0
SD,2,Mid (35-54),Female,36358.0
SD,2,Mid (35-54),Male,32670.0
SD,3,Early (<35),Female,40.0
SD,3,Early (<35),Male,629.0
SD,3,Late (55+),Female,226.0
SD,3,Late (55+),Male,1468.0
SD,3,Mid (35-54),Female,951.0
SD,3,Mid (35-54),Male,2843.0
TN,0,Early (<35),Female,6691.0
TN,0,Early (<35),Male,12507.0
TN,0,Late (55+),Female,18563.0
TN,0,Late (55+),Male,54003.0
TN,0,Mid (35-54),Female,73360.0
TN,0,Mid (35-54),Male,146890.0
TN,1,Early (<35),Female,573725.0
TN,1,Early (<35),Male,625219.0
TN,1,Mid (35-54),Female,313153.0
TN,1,Mid (35-54),Male,287896.0
TN,2,Late (55+),Female,335647.0
TN,2,Late (55+),Male,333907.0
TN,2,Mid (35-54),Female,262780.0
TN,2,Mid (35-54),Male,235937.0
TN,3,Early (<35),Female,365.0
TN,3,Early (<35),Male,2031.0
TN,3,Late (55+),Female,2091.0
TN,3,Late (55+),Male,10982.0
TN,3,Mid (35-54),Female,4959.0
TN,3,Mid (35-54),Male,14619.0
TX,0,Early (<35),Female,46763.0
TX,0,Early (<35),Male,106511.0
TX,0,Late (55+),Female,77264.0
TX,0,Late (55+),Male,255932.0
TX,0,Mid (35-54),Female,414259.0
TX,0,Mid (35-54),Male,929852.0
TX,1,Early (<35),Female,2459265.0
TX,1,Early (<35),Male,2742095.0
TX,1,Mid (35-54),Female,1319500.0
TX,1,Mid (35-54),Male,1296177.0
TX,2,Late (55+),Female,1223474.0
TX,2,Late (55+),Male,1233982.0
TX,2,Mid (35-54),Female,1091723.0
TX,2,Mid (35-54),Male,1005037.0
TX,3,Early (<35),Female,3619.0
TX,3,Early (<35),Male,9068.0
TX,3,Late (55+),Female,8835.0
TX,3,Late (55+),Male,40784.0
TX,3,Mid (35-54),Female,18757.0
TX,3,Mid (35-54),Male,73794.0
UT,0,Early (<35),Female,4246.0
UT,0,Early (<35),Male,11376.0
UT,0,Late (55+),Female,7658.0
UT,0,Late (55+),Male,25843.0
UT,0,Mid (35-54),Female,33249.0
UT,0,Mid (35-54),Male,126169.0
UT,1,Early (<35),Female,332081.0
UT,1,Early (<35),Male,395693.0
UT,1,Mid (35-54),Female,140185.0
UT,1,Mid (35-54),Male,138823.0
UT,2,Late (55+),Female,114597.0
UT,2,Late (55+),Male,136008.0
UT,2,Mid (35-54),Female,122150.0
UT,2,Mid (35-54),Male,104806.0
UT,3,Early (<35),Female,199.0
UT,3,Early (<35),Male,699.0
UT,3,Late (55+),Female,705.0
UT,3,Late (55+),Male,3223.0
UT,3,Mid (35-54),Female,1541.0
UT,3,Mid (35-54),Male,12225.0
VA,0,Early (<35),Female,18217.0
VA,0,Early (<35),Male,30437.0
VA,0,Late (55+),Female,49942.0
VA,0,Late (55+),Male,116670.0
VA,0,Mid (35-54),Female,213171.0
VA,0,Mid (35-54),Male,338226.0
VA,1,Early (<35),Female,673191.0
VA,1,Early (<35),Male,709401.0
VA,1,Mid (35-54),Female,356376.0
VA,1,Mid (35-54),Male,337651.0
VA,2,Late (55+),Female,420831.0
VA,2,Late (55+),Male,389912.0
VA,2,Mid (35-54),Female,303034.0
VA,2,Mid (35-54),Male,256205.0
VA,3,Early (<35),Female,421.0
VA,3,Early (<35),Male,2277.0
VA,3,Late (55+),Female,4438.0
VA,3,Late (55+),Male,13957.0
VA,3,Mid (35-54),Female,6103.0
VA,3,Mid (35-54),Male,23304.0
VT,0,Early (<35),Female,912.0
VT,0,Early (<35),Male,1630.0
VT,0,Late (55+),Female,1687.0
VT,0,Late (55+),Male,4394.0
VT,0,Mid (35-54),Female,9160.0
VT,0,Mid (35-54),Male,15709.0
VT,1,Early (<35),Female,49344.0
VT,1,Early (<35),Male,51782.0
VT,1,Mid (35-54),Female,28577.0
VT,1,Mid (35-54),Male,27214.0
VT,2,Late (55+),Female,41734.0
VT,2,Late (55+),Male,39630.0
VT,2,Mid (35-54),Female,25507.0
VT,2,Mid (35-54),Male,21719.0
VT,3,Early (<35),Male,31.0
VT,3,Late (55+),Female,18.0
VT,3,Late (55+),Male,1678.0
VT,3,Mid (35-54),Female,587.0
VT,3,Mid (35-54),Male,1838.0
WA,0,Early (<35),Female,31302.0
WA,0,Early (<35),Male,69572.0
WA,0,Late (55+),Female,37256.0
WA,0,Late (55+),Male,83142.0
WA,0,Mid (35-54),Female,185920.0
WA,0,Mid (35-54),Male,323870.0
WA,1,Early (<35),Female,631813.0
WA,1,Early (<35),Male,657490.0
WA,1,Mid (35-54),Female,307738.0
WA,1,Mid (35-54),Male,312028.0
WA,2,Late (55+),Female,324064.0
WA,2,Late (55+),Male,312782.0
WA,2,Mid (35-54),Female,241041.0
WA,2,Mid (35-54),Male,216247.0
WA,3,Early (<35),Female,2560.0
WA,3,Early (<35),Male,9432.0
WA,3,Late (55+),Female,3457.0
WA,3,Late (55+),Male,10455.0
WA,3,Mid (35-54),Female,8882.0
WA,3,Mid (35-54),Male,34938.0
WI,0,Early (<35),Female,5107.0
WI,0,Early (<35),Male,8840.0
WI,0,Late (55+),Female,10882.0
WI,0,Late (55+),Male,34672.0
WI,0,Mid (35-54),Female,68824.0
WI,0,Mid (35-54),Male,134986.0
WI,1,Early (<35),Female,496974.0
WI,1,Early (<35),Male,534775.0
WI,1,Mid (35-54),Female,277684.0
WI,1,Mid (35-54),Male,252249.0
WI,2,Late (55+),Female,317042.0
WI,2,Late (55+),Male,317799.0
WI,2,Mid (35-54),Female,229570.0
WI,2,Mid (35-54),Male,212790.0
WI,3,Early (<35),Female,628.0
WI,3,Early (<35),Male,2026.0
WI,3,Late (55+),Female,2148.0
WI,3,Late (55+),Male,8826.0
WI,3,Mid (35-54),Female,4126.0
WI,3,Mid (35-54),Male,13399.0
WV,0,Early (<35),Female,21.0
WV,0,Early (<35),Male,1112.0
WV,0,Late (55+),Female,2483.0
WV,0,Late (55+),Male,9324.0
WV,0,Mid (35-54),Female,13152.0
WV,0,Mid (35-54),Male,30348.0
WV,1,Early (<35),Female,120909.0
WV,1,Early (<35),Male,133681.0
WV,1,Mid (35-54),Female,69764.0
WV,1,Mid (35-54),Male,66598.0
WV,2,Late (55+),Female,76026.0
WV,2,Late (55+),Male,80832.0
WV,2,Mid (35-54),Female,66829.0
WV,2,Mid (35-54),Male,59363.0
WV,3,Early (<35),Female,364.0
WV,3,Early (<35),Male,81.0
WV,3,Late (55+),Female,932.0
WV,3,Late (55+),Male,3097.0
WV,3,Mid (35-54),Female,1095.0
WV,3,Mid (35-54),Male,3634.0
WY,0,Early (<35),Female,314.0
WY,0,Early (<35),Male,1050.0
WY,0,Late (55+),Female,460.0
WY,0,Late (55+),Male,3529.0
WY,0,Mid (35-54),Female,5395.0
WY,0,Mid (35-54),Male,14991.0
WY,1,Early (<35),Female,42889.0
WY,1,Early (<35),Male,52740.0
WY,1,Mid (35-54),Female,27512.0
WY,1,Mid (35-54),Male,25828.0
WY,2,Late (55+),Female,28472.0
WY,2,Late (55+),Male,27066.0
WY,2,Mid (35-54),Female,21228.0
WY,2,Mid (35-54),Male,22056.0
WY,3,Early (<35),Female,25.0
WY,3,Late (55+),Female,48.0
WY,3,Late (55+),Male,479.0
WY,3,Mid (35-54),Female,780.0
WY,3,Mid (35-54),Male,1492.0
