STATE_CODE,cluster,n_workers,avg_wage,pct_female,posting_count,median_adv_salary
AK,0,295,157461.76982001035,0.28749001362846,236,76000.0
AK,1,1330,47800.56975658411,0.4622408268075805,236,76000.0
AK,2,876,57157.70381090207,0.4961093982675811,236,76000.0
AK,3,21,623000.0,0.1206896551724138,236,76000.0
AL,0,1919,146241.33877534547,0.2741371568681859,690,84720.0
AL,1,9997,40848.323212718016,0.4975547506609815,690,84720.0
AL,2,8762,49318.63365404339,0.5127810332086905,690,84720.0
AL,3,330,419000.0,0.1936450839328537,690,84720.0
AR,0,871,150224.53670919174,0.3053960714246805,584,84000.0
AR,1,6401,40130.04315932826,0.48743321959591634,584,84000.0
AR,2,5167,47422.54240228321,0.5131022177431845,584,84000.0
AR,3,163,457000.0,0.22980729807298073,584,84000.0
AZ,0,4055,161326.78082612166,0.3114441784815565,1638,84000.0
AZ,1,14867,43535.56407800599,0.47920990477790215,1638,84000.0
AZ,2,11497,51508.901575777425,0.5114046115179063,1638,84000.0
AZ,3,391,566000.0,0.17552455000532538,1638,84000.0
CA,0,33373,175881.97545162385,0.3832375653710993,7084,95000.0
CA,1,77630,46145.339566410934,0.48755251390604293,7084,95000.0
CA,2,57070,51573.843920244704,0.4964735714401137,7084,95000.0
CA,3,3459,588290.8465226329,0.25857454255489504,7084,95000.0
CO,0,5400,165184.29597675748,0.3365922363853874,1455,85000.0
CO,1,14026,50016.44109852251,0.47718061432323633,1455,85000.0
CO,2,9623,53662.549840668114,0.5138603434222743,1455,85000.0
CO,3,454,612961.2861051256,0.2564462629833184,1455,85000.0
CT,0,3162,170062.07874015748,0.3625231846019248,863,94420.0
CT,1,7176,47154.78694264187,0.5032878888185347,863,94420.0
CT,2,6478,56022.0879777583,0.5425134017164506,863,94420.0
CT,3,482,623911.7691608603,0.24189639503180854,863,94420.0
DC,0,1192,177539.6788684784,0.45165680736556507,1224,93600.0
DC,1,1662,64421.38122372206,0.581594379287453,1224,93600.0
DC,2,571,54644.602325688,0.5037055147227358,1224,93600.0
DC,3,139,585034.3600867679,0.31774403470715834,1224,93600.0
DE,0,577,158372.52586985208,0.3967983887769984,438,90459.0
DE,1,1808,44602.35356897511,0.5260149170728515,438,90459.0
DE,2,1770,52039.97172658677,0.5336662228140258,438,90459.0
DE,3,55,535000.0,0.36075597554196775,438,90459.0
FL,0,10776,164011.31291998652,0.3358626555050812,3645,85000.0
FL,1,39433,41773.614417545985,0.4918697665131718,3645,85000.0
FL,2,38295,48533.69603690736,0.5123154158609472,3645,85000.0
FL,3,1393,570000.0,0.2069468931241075,3645,85000.0
GA,0,6906,165044.45070664128,0.34806906522418324,2658,91520.0
GA,1,22556,42398.24617305616,0.5121806144806551,2658,91520.0
GA,2,19062,51000.577702432965,0.5323937722449944,2658,91520.0
GA,3,667,594000.0,0.23658743333451066,2658,91520.0
HI,0,739,149431.17084307224,0.36503234222971137,263,85000.0
HI,1,3012,45347.809400642436,0.4778874449543619,263,85000.0
HI,2,2878,52933.3806152007,0.5398217542569007,263,85000.0
HI,3,95,496000.0,0.3382438910323863,263,85000.0
IA,0,1067,143689.7860536195,0.3068502707551244,625,84000.0
IA,1,7278,43154.130257224104,0.4899556012677374,625,84000.0
IA,2,6360,50510.69460914462,0.5072777072336317,625,84000.0
IA,3,111,457000.0,0.2329803328290469,625,84000.0
ID,0,899,151067.1172122492,0.2729039070749736,478,89565.0
ID,1,4396,40859.24925255673,0.4691320446403361,478,89565.0
ID,2,3157,49021.35147933025,0.5175697082219081,478,89565.0
ID,3,113,455000.0,0.10507401386155557,478,89565.0
IL,0,8444,166030.8511551023,0.358534144011714,3538,93400.0
IL,1,27299,45545.98386288989,0.5045656782128631,3538,93400.0
IL,2,22723,51489.35949536836,0.5183855586027091,3538,93400.0
IL,3,733,618500.5656588512,0.25654043046638575,3538,93400.0
IN,0,2734,150842.56258792404,0.30302563707752717,956,80370.0
IN,1,15663,42490.93159109172,0.49373780277809665,956,80370.0
IN,2,12901,50689.89952451227,0.5091931567589838,956,80370.0
IN,3,377,484000.0,0.22828253647262747,956,80370.0
KS,0,1266,156628.47098927633,0.31266245295078476,740,78500.0
KS,1,6594,41745.19405164116,0.4900936052558479,740,78500.0
KS,2,5481,50917.87864850737,0.5050368953598159,740,78500.0
KS,3,150,551000.0,0.24766903365236184,740,78500.0
KY,0,1690,146405.8556408279,0.34085484522454373,635,78500.0
KY,1,9670,41496.771973506024,0.48409878868296025,635,78500.0
KY,2,7824,47884.6982086489,0.5023256332749602,635,78500.0
KY,3,270,438000.0,0.23248407643312102,635,78500.0
LA,0,1820,150323.275696393,0.24709939214900312,456,84000.0
LA,1,8625,40119.30392073842,0.5118425196550717,456,84000.0
LA,2,7545,47525.69774533062,0.5393772011986776,456,84000.0
LA,3,272,450000.0,0.22277821430048386,456,84000.0
MA,0,7476,173561.27752424334,0.3743239215300426,2057,87006.0
MA,1,15282,50383.06178484593,0.5131141202863143,2057,87006.0
MA,2,11932,55457.73817300601,0.5483651178309276,2057,87006.0
MA,3,716,597086.2283895942,0.2315716956992422,2057,87006.0
MD,0,6819,163126.475255818,0.4056951493668936,1360,86600.0
MD,1,12513,48416.87376828344,0.512870427031786,1360,86600.0
MD,2,10340,56970.04455215871,0.5356230308485961,1360,86600.0
MD,3,430,624866.1984512876,0.2446125217600096,1360,86600.0
ME,0,561,155093.53174718173,0.3647810589155823,345,79700.0
ME,1,2475,44676.013920773854,0.5103816750142487,345,79700.0
ME,2,2772,49735.78576647335,0.5394196082012878,345,79700.0
ME,3,55,566000.0,0.28871711418497426,345,79700.0
MI,0,4555,151695.9403905447,0.29989516957862283,1838,90000.0
MI,1,20584,42117.50948150162,0.4891457840670696,1838,90000.0
MI,2,17186,50300.709339193025,0.5186802223092744,1838,90000.0
MI,3,554,522000.0,0.23662676786802114,1838,90000.0
MN,0,3137,160562.71684860793,0.3408463442498096,1476,87295.0
MN,1,12343,47022.81762978969,0.49827535238576803,1476,87295.0
MN,2,10984,53037.35445567846,0.5196082706088374,1476,87295.0
MN,3,253,590000.0,0.2821142995603863,1476,87295.0
MO,0,2468,152142.39292322967,0.33388244497600456,1231,84000.0
MO,1,14069,41973.906791992566,0.4953704051552924,1231,84000.0
MO,2,11028,49753.71524498694,0.5219223171844997,1231,84000.0
MO,3,350,488000.0,0.23608124253285542,1231,84000.0
MS,0,790,140416.62779432343,0.3176647888334709,471,78800.0
MS,1,5471,38769.132839304315,0.5140732146802062,471,78800.0
MS,2,5230,46691.86286871766,0.5285032579294233,471,78800.0
MS,3,157,447000.0,0.14760655737704917,471,78800.0
MT,0,373,151108.75229180738,0.26710412042844733,186,88500.0
MT,1,2185,40984.296388413546,0.49225445299672305,186,88500.0
MT,2,2023,46224.025814808585,0.5033836676203153,186,88500.0
MT,3,44,502000.0,0.364159891598916,186,88500.0
NC,0,6046,165559.582695832,0.34554197420851757,2747,91100.0
NC,1,22605,42784.592685360934,0.4957453950468059,2747,91100.0
NC,2,19134,49154.28585406758,0.5224886271791823,2747,91100.0
NC,3,658,563000.0,0.21895469902778736,2747,91100.0
ND,0,333,150513.14647327302,0.3309719149889396,149,76000.0
ND,1,1725,46338.7460865665,0.4708454810495627,149,76000.0
ND,2,1478,53298.779025729156,0.5162853582453025,149,76000.0
ND,3,34,581000.0,0.26112491529252313,149,76000.0
NE,0,731,146128.1453867661,0.30349487418452936,540,85600.0
NE,1,4521,42501.2006622021,0.46846122189382317,540,85600.0
NE,2,3811,50141.07288846577,0.501300092226222,540,85600.0
NE,3,94,505000.0,0.18776631000852192,540,85600.0
NH,0,1016,167046.38689637804,0.3292415607189829,295,78100.0
NH,1,2721,48253.21653784015,0.49791032256349516,295,78100.0
NH,2,2848,54493.40554805682,0.5244792789114103,295,78100.0
NH,3,75,626901.9373673036,0.2161624203821656,295,78100.0
NJ,0,9165,175131.6660224378,0.35957634577859326,2614,101600.0
NJ,1,18133,48136.685370012936,0.507542806028122,2614,101600.0
NJ,2,16456,54178.70048008507,0.5284426165418237,2614,101600.0
NJ,3,947,608067.4158835805,0.18604492573751039,2614,101600.0
NM,0,764,147290.68098699136,0.3125665478450072,255,70000.0
NM,1,3853,39814.311023622045,0.48102083830430287,255,70000.0
NM,2,3197,48846.461617309826,0.5263977501954781,255,70000.0
NM,3,105,398000.0,0.19787252443137593,255,70000.0
NV,0,1606,156189.78697058526,0.3297028201758819,589,79700.0
NV,1,6861,42765.22531700205,0.4962460041371818,589,79700.0
NV,2,5499,49684.514405806585,0.49684568544626695,589,79700.0
NV,3,167,566000.0,0.2092344021874223,589,79700.0
NY,0,14299,173124.040302274,0.40767022687202203,3341,85000.0
NY,1,40636,48126.4397316016,0.5101676529231287,3341,85000.0
NY,2,34492,51591.00363450325,0.5223582493016911,3341,85000.0
NY,3,1806,624134.207087359,0.28210007162814604,3341,85000.0
OH,0,5551,150877.59737759738,0.3259248259248259,2627,85000.0
OH,1,26132,43144.2654930879,0.49724380810596797,2627,85000.0
OH,2,22132,50528.772933925895,0.5190954403712524,2627,85000.0
OH,3,712,509000.0,0.18704371130209776,2627,85000.0
OK,0,1136,148953.76923622438,0.2808807885965534,606,84000.0
OK,1,7938,39941.95211378537,0.48124302945340897,606,84000.0
OK,2,6201,48889.54655818366,0.5073306426974964,606,84000.0
OK,3,156,474000.0,0.26910153396639885,606,84000.0
OR,0,2743,157330.27116277523,0.36281365085345535,1090,85000.0
OR,1,9169,45129.00623600055,0.49415930624852417,1090,85000.0
OR,2,6807,51299.78368467888,0.5185139157384393,1090,85000.0
OR,3,224,557000.0,0.2846825314351034,1090,85000.0
PA,0,6865,164162.94091426607,0.3439198406049279,2254,86600.0
PA,1,26100,45074.76000026093,0.49744681128647705,2254,86600.0
PA,2,24685,50595.245832509776,0.5259046666768027,2254,86600.0
PA,3,619,589000.0,0.21881916078722613,2254,86600.0
RI,0,644,164926.20193701793,0.31712868990314913,458,87166.0
RI,1,2043,46806.52887863157,0.499680186127933,458,87166.0
RI,2,1888,54186.0505171164,0.5047117318549827,458,87166.0
RI,3,58,523000.0,0.19101686425112707,458,87166.0
SC,0,2375,157022.72454755576,0.29346751952632383,645,85000.0
SC,1,10934,41668.03368033337,0.4981614720709191,645,85000.0
SC,2,9899,48880.36856971386,0.5335979870169199,645,85000.0
SC,3,296,533000.0,0.22383419689119172,645,85000.0
SD,0,228,134339.441568746,0.26550043450334376,290,76000.0
SD,1,2077,43266.2005136944,0.48662665777580205,290,76000.0
SD,2,1873,49007.392920195096,0.49939854573745474,290,76000.0
SD,3,52,436000.0,0.1976611986356992,290,76000.0
TN,0,3267,160109.95660451133,0.316056330805669,1274,83000.0
TN,1,15844,42409.09595203981,0.49271191610189596,1274,83000.0
TN,2,12612,48939.82728322453,0.512233034972194,1274,83000.0
TN,3,394,578000.0,0.21157303050189746,1274,83000.0
TX,0,17531,167176.62752972962,0.2940519976990912,8067,90000.0
TX,1,60077,43083.93907359016,0.48340119152563815,8067,90000.0
TX,2,46513,49592.763398134826,0.5083634592649975,8067,90000.0
TX,3,1681,601000.0,0.20154723389966228,8067,90000.0
UT,0,2236,158450.72192038977,0.21651857428515256,639,80101.0
UT,1,9149,42212.63158856634,0.46908466778309504,639,80101.0
UT,2,5102,52641.76501012436,0.4957419052225789,639,80101.0
UT,3,201,551000.0,0.13150817555938038,639,80101.0
VA,0,8103,167406.46150916375,0.36695392891009476,3636,94500.0
VA,1,17929,45913.41234477774,0.49579003177761544,3636,94500.0
VA,2,14373,52680.71436705008,0.5283755552992667,3636,94500.0
VA,3,564,595225.801980198,0.21706930693069307,3636,94500.0
VT,0,309,156161.68040128986,0.3510987698554879,227,90000.0
VT,1,1237,46378.35065671661,0.4965746222525284,227,90000.0
VT,2,1463,51866.7705109262,0.5229100241076289,227,90000.0
VT,3,35,587000.0,0.14571290944123313,227,90000.0
WA,0,7382,174223.63493110024,0.34809359534485446,1624,91992.0
WA,1,16400,49625.64817929577,0.49215140992808537,1624,91992.0
WA,2,11901,55528.08008525464,0.5164860976809056,1624,91992.0
WA,3,734,568725.7472319431,0.21368538810165796,1624,91992.0
WI,0,2481,150562.77937495965,0.32210200105578574,1050,84000.0
WI,1,12871,45105.92775737954,0.49604080728342903,1050,84000.0
WI,2,12229,49970.94694119296,0.5074373306374577,1050,84000.0
WI,3,295,494000.0,0.22155169646582992,1050,84000.0
WV,0,507,141524.30900070872,0.27739192062367113,159,78100.0
WV,1,3495,40400.52773742045,0.4877146043504062,159,78100.0
WV,2,3037,47684.41448507331,0.5046988164635223,159,78100.0
WV,3,94,426000.0,0.2598065848093013,159,78100.0
WY,0,225,144610.35782275922,0.2396752010567621,108,81494.0
WY,1,1353,41643.35049574073,0.47258825661714854,108,81494.0
WY,2,1066,50503.39904069944,0.5029244500212503,108,81494.0
WY,3,27,470000.0,0.30205382436260625,108,81494.0
